FID,CODCALLE,TEXTO,GRUPO,CAPACIDAD,PTO_REC,UTM_X,UTM_Y,GRAD_X,GRAD_Y
0.0,11044,CALLE RAMON Y CAJAL,4.0,120.0,E0001,376617.024957,3149497.12189,-16.2602903666,28.4662250238
1.0,20395,CALLE LEGAZPI,2.0,120.0,E0002,376513.249638,3148708.32184,-16.2612656383,28.4590966807
2.0,20623,CALLE JOSE HERNANDEZ ALFONSO,4.0,120.0,E0003,377230.450624,3148819.90543,-16.2539536402,28.4601713783
3.0,10307,CALLE SAN FERNANDO,5.0,120.0,E0004,377578.353561,3150456.72571,-16.2505748261,28.4749756023
4.0,10114,CALLE LA ROSA,4.0,120.0,E0005,377690.934512,3150104.15473,-16.2493875605,28.4718043889
5.0,40821,CTRA LOS CAMPITOS,1.0,120.0,E0006,376599.795922,3151416.16738,-16.2606719424,28.4835417751
6.0,30896,CALLE FEBLES CAMPOS,3.0,120.0,E0007,376094.36874,3149852.37981,-16.2656661583,28.4693814737
7.0,22301,CALLE SAN JUAN DE LA RAMBLA,3.0,120.0,E0008,374927.342828,3149931.89645,-16.2775932587,28.4699876248
8.0,21963,CALLE GUIA DE ISORA,3.0,120.0,E0009,375426.006682,3150335.87827,-16.2725442277,28.4736810814
9.0,21963,CALLE GUIA DE ISORA,3.0,120.0,E0010,375398.329574,3150293.73925,-16.2728223379,28.473298155
10.0,31122,CALLE UNAMUNO,7.0,120.0,E0011,376256.246895,3149048.44789,-16.2639266017,28.4621417839
11.0,31211,CALLE ALCALDE GARCIA RAMOS,3.0,120.0,E0012,375804.393495,3148645.84681,-16.2684975501,28.4584655678
12.0,42561,CALLE NUÑEZ DE LA PEÑA,3.0,120.0,E0013,375412.53779,3148422.0619,-16.2724748531,28.4564086576
13.0,31772,CALLE SANTA MARIA SOLEDAD,3.0,120.0,E0014,374097.118019,3148925.21473,-16.285962099,28.460823009
14.0,51374,CALLE BARRANCO GRANDE,9.0,120.0,E0015,371793.682928,3146238.72292,-16.3091855424,28.4363547867
15.0,44672,CALLE PEDRO DOBLADO CLAVERIE,5.0,120.0,E0017,374193.242608,3147916.45683,-16.2848704016,28.4517288345
16.0,45644,CALLE CARDENAL CISNEROS,3.0,120.0,E0018,374615.021067,3148152.27322,-16.2805892877,28.453897549
17.0,43966,CALLE DOMINGO SALAZAR COLOGAN,2.0,120.0,E0019,374391.40483,3148645.07382,-16.2829263657,28.4583232778
18.0,10563,AVDA JOSE MARTI,2.0,120.0,E0020,378283.783597,3151156.37073,-16.2434439945,28.4813556399
19.0,50421,AVDA DE TINCER,4.0,120.0,E0021,372285.78178,3147124.26456,-16.3042595486,28.4443944756
20.0,50587,CALLE MARIA DE LA PAZ,4.0,120.0,E0022,372414.040207,3146455.24586,-16.3028760198,28.4383695477
21.0,50974,CALLE GANSO,3.0,120.0,E0023,370548.121922,3146603.2012,-16.321942781,28.4395210336
22.0,82217,CALLE ANTONIO MACHADO,2.0,120.0,E0024,375903.971974,3148874.84033,-16.2675053446,28.4605415922
23.0,42561,CALLE NUÑEZ DE LA PEÑA,6.0,120.0,E0025,375399.36494,3148387.00077,-16.2726055771,28.4560909916
24.0,10799,PASEO LAS RETAMAS,3.0,120.0,E0026,373928.403833,3147924.32611,-16.2875755132,28.4517742845
25.0,57711,PSAJE LOS BANQUITOS,3.0,120.0,E0028,386963.235075,3155938.08638,-16.1552607345,28.5252914934
26.0,41051,CALLE REVERENDO ONESIMO BETANCORT,3.0,120.0,E0029,378864.948314,3151885.52518,-16.2375847311,28.4879900837
27.0,40933,CTRA TAHODIO,3.0,120.0,E0030,377859.60308,3151759.33946,-16.247840528,28.4867574443
28.0,59072,CALLE AGANA,2.0,120.0,E0031,372081.800538,3144985.2104,-16.3061051258,28.4250708845
29.0,57862,CALLE SAN BORONDON,1.0,3000.0,E0032,372756.79455,3147133.7364,-16.2994514734,28.444525963
30.0,10107,CALLE EL REMANSO,1.0,3000.0,E0033,374433.402853,3147390.72288,-16.2823608918,28.44700752
31.0,30366,CALLE SANTIAGO CUADRADO,1.0,3000.0,E0034,376426.76566,3149901.79487,-16.2622767819,28.4698589688
32.0,30366,CALLE SANTIAGO CUADRADO,1.0,3000.0,E0035,376408.162933,3149767.08576,-16.262452315,28.4686415259
33.0,20205,CALLE PANAMA,1.0,3000.0,E0036,375979.805168,3148255.10296,-16.2666642668,28.4549559994
34.0,20205,CALLE PANAMA,1.0,3000.0,E0037,376013.188179,3148284.41871,-16.266326535,28.4552237324
35.0,20171,CALLE FERNANDO AROZENA QUINTERO,1.0,3000.0,E0038,375821.08,3148279.19,-16.2682876547,28.4551582719
36.0,42835,CALLE ANTONIO LECUONA HARDISSON,1.0,3000.0,E0039,375233.457886,3147606.94326,-16.274215309,28.4490355361
37.0,42955,CALLE JUAN DE AVILA,1.0,3000.0,E0040,375259.148991,3147777.55672,-16.2739714403,28.4505776875
38.0,42932,CALLE JOSE MALDONADO DUGOUR,1.0,3000.0,E0041,375085.061274,3147722.54094,-16.2757430674,28.4500645438
39.0,43057,CALLE FERNANDO BEAUTELL,1.0,3000.0,E0042,374964.829216,3147564.40485,-16.2769535882,28.4486259353
40.0,42673,RBLA GENERAL GARCIA ESCAMEZ,1.0,3000.0,E0043,375342.976106,3148235.83188,-16.27316504,28.4547213864
41.0,42576,CALLE POETA GUTIERREZ ALBELO,1.0,3000.0,E0044,375566.220748,3148238.8912,-16.2708857567,28.4547703098
42.0,45377,CALLE CARACAS,1.0,3000.0,E0045,375757.674702,3148465.76897,-16.2689552163,28.4568360112
43.0,42367,CALLE IZQUIERDO AZCARATE,1.0,3000.0,E0046,375509.08,3148714.7,-16.2715206235,28.4590587766
44.0,42793,CALLE GANDHI,1.0,3000.0,E0049,375073.462353,3148153.31416,-16.2759081754,28.4539509263
45.0,44103,CALLE DULCE MARIA LOINAZ,1.0,3000.0,E0050,375223.182828,3148394.52349,-16.2744054581,28.4561420385
46.0,45675,CALLE CHIGUERGUE,1.0,3000.0,E0051,374599.060888,3148659.13676,-16.2808073978,28.4584701698
47.0,54175,CALLE VIRGILIO HERNANDEZ TEJERA,1.0,3000.0,E0052,374547.210336,3148690.28704,-16.2813402655,28.4587462969
48.0,10497,CALLE PINTOR JOSE AGUIAR,2.0,3000.0,E0053,377379.481215,3150462.26762,-16.2526065602,28.4750069206
49.0,10257,CALLE DOCTOR JOSE NAVEIRAS,1.0,3000.0,E0054,377164.10855,3150501.55635,-16.2548104165,28.4753412014
50.0,82507,CALLE RAMON BAUDET GRANDY,1.0,3000.0,E0055,377000.878785,3150592.1695,-16.2564872133,28.4761435448
51.0,82515,CALLE RUBEN MARICHAL LOPEZ,1.0,3000.0,E0056,376986.629502,3150663.83703,-16.2566404026,28.4767889627
52.0,82515,CALLE RUBEN MARICHAL LOPEZ,1.0,3000.0,E0057,376926.317439,3151278.78234,-16.2573221301,28.4823328315
53.0,82515,CALLE RUBEN MARICHAL LOPEZ,1.0,3000.0,E0058,376835.872985,3151233.32679,-16.2582410657,28.4819140729
54.0,82515,CALLE RUBEN MARICHAL LOPEZ,1.0,3000.0,E0059,376802.883923,3151344.71579,-16.2585899345,28.4829161812
55.0,40821,CTRA LOS CAMPITOS,1.0,3000.0,E0060,376623.541104,3151451.79989,-16.2604332258,28.4838655882
56.0,40821,CTRA LOS CAMPITOS,1.0,3000.0,E0061,375521.916313,3152430.17945,-16.2717911519,28.4925901128
57.0,40821,CTRA LOS CAMPITOS,1.0,3000.0,E0062,376366.36,3151695.88,-16.2630863207,28.486043899
58.0,30641,CALLE DOCTOR GONZALEZ COVIELLA,1.0,3000.0,E0063,377072.035761,3150535.7074,-16.2557544314,28.4756407165
59.0,30092,AVDA VEINTICINCO DE JULIO,1.0,3000.0,E0064,377105.732099,3150386.63384,-16.2553943709,28.4742985807
60.0,11141,CALLE ROBAYNA,1.0,3000.0,E0065,377174.678729,3149688.09635,-16.2546157179,28.4680011264
61.0,43982,CALLE ESTANISLAO BROTONS POVEDA,1.0,3000.0,E0066,374507.172521,3148610.86485,-16.2817404697,28.4580257056
62.0,44567,CALLE AMERICO LOPEZ MENDEZ,1.0,3000.0,E0067,374527.3422,3148489.86675,-16.2815213349,28.4569357076
63.0,82047,CALLE IGUESTE,1.0,3000.0,E0068,374315.95154,3148581.17027,-16.283689895,28.4577393167
64.0,43966,CALLE DOMINGO SALAZAR COLOGAN,1.0,3000.0,E0069,374359.424995,3148666.56267,-16.2832552727,28.458514122
65.0,43966,CALLE DOMINGO SALAZAR COLOGAN,1.0,3000.0,E0070,374363.260293,3148709.02338,-16.2832207364,28.4588976747
66.0,43854,CALLE ELIAS BACALLADO,1.0,3000.0,E0071,374276.724617,3148782.27897,-16.2841123977,28.4595504248
67.0,83082,CTRA SANTA CRUZ LAGUNA,1.0,3000.0,E0072,374373.782068,3148848.89794,-16.2831285378,28.4601609747
68.0,43386,CALLE SARGENTO PROVISIONAL,1.0,3000.0,E0073,373821.20794,3147884.31401,-16.2886657044,28.4514028357
69.0,43765,CALLE HERMANO PEDRO,1.0,3000.0,E0074,374030.51,3147841.05,-16.2865238158,28.4510326292
70.0,45903,CALLE AGUAMARINA,1.0,3000.0,E0075,373854.868527,3148111.4875,-16.2883468542,28.4534561973
71.0,43467,CALLE SANTA MARGARITA,1.0,3000.0,E0076,373695.249328,3148245.60899,-16.2899914335,28.4546511189
72.0,83124,CALLE DOCTOR CORVINIANO RODRIGUEZ LOPEZ,1.0,3000.0,E0077,373911.529981,3148203.26853,-16.2877783165,28.4542899446
73.0,44664,CALLE PEDRO DE VALDIVIA,1.0,3000.0,E0079,374320.805434,3148020.45034,-16.2835792004,28.452679611
74.0,47121,CALLE CHAFIRA,1.0,3000.0,E0080,373686.827323,3147296.97891,-16.289973518,28.4460894806
75.0,44513,CALLE HERMANOS PINZON,1.0,3000.0,E0081,374435.733331,3147977.9182,-16.2824010351,28.4523068495
76.0,45613,CALLE ARAUCANO,1.0,3000.0,E0082,374382.425562,3148053.85583,-16.2829536345,28.4529870113
77.0,44505,CALLE ELISEO LOPEZ,1.0,3000.0,E0083,374411.02028,3148172.84042,-16.282674613,28.4540635323
78.0,43877,CALLE DOMINGO MADAN,1.0,3000.0,E0084,374553.477088,3148022.01527,-16.2812035505,28.452716128
79.0,10625,CALLE LA ESTRELLA,1.0,3000.0,E0085,373927.37,3147550.10973,-16.287545156,28.4483971008
80.0,43912,CALLE MIGUEL BOSQ,1.0,3000.0,E0086,374306.156568,3148352.32396,-16.2837649632,28.4556731677
81.0,45586,CALLE TAJARASTE,2.0,3000.0,E0087,374193.091342,3148681.26189,-16.2849554089,28.4586307402
82.0,54167,CALLE SIMBAD,1.0,3000.0,E0088,374217.572394,3148467.06619,-16.2846820446,28.4567001104
83.0,56487,CALLE DACIL VILAR BORGES,1.0,3000.0,E0089,374219.789556,3148393.15647,-16.2846513398,28.4560333321
84.0,56487,CALLE DACIL VILAR BORGES,1.0,3000.0,E0090,374204.856327,3148319.58941,-16.2847958005,28.4553679922
85.0,56487,CALLE DACIL VILAR BORGES,2.0,3000.0,E0091,374171.575729,3148247.56439,-16.2851277769,28.4547147985
86.0,43684,CALLE GARA Y JONAY,1.0,3000.0,E0092,374507.275271,3147736.85103,-16.2816442834,28.4501382385
87.0,43177,CALLE TABURIENTE,1.0,3000.0,E0093,374305.411652,3147591.21123,-16.2836895967,28.4488044907
88.0,45725,CALLE AÑAVINGO,1.0,3000.0,E0094,374713.138015,3148390.56644,-16.2796132961,28.456057438
89.0,31346,CALLE CAMINO DEL HIERRO,1.0,3000.0,E0095,374750.287215,3148601.76295,-16.2792568994,28.4579669349
90.0,44215,CALLE PEDRO JOSE DE MENDIZABAL,1.0,3000.0,E0096,374801.638991,3148549.98168,-16.2787268933,28.4575045684
91.0,44215,CALLE PEDRO JOSE DE MENDIZABAL,1.0,3000.0,E0097,374968.958493,3148642.81,-16.2770283754,28.4583583421
92.0,31605,CALLE ASIRIA,1.0,3000.0,E0098,374293.13441,3149090.80588,-16.2839784784,28.4623362809
93.0,31787,CALLE SENEGAL,1.0,3000.0,E0099,374152.48,3149116.12,-16.2854175999,28.4625511595
94.0,31756,CALLE RUTH,1.0,3000.0,E0100,374193.723292,3149005.81322,-16.2849843824,28.4615596857
95.0,83082,CTRA SANTA CRUZ LAGUNA,1.0,3000.0,E0101,374416.78,3149379.39,-16.2827472644,28.4649524967
96.0,45033,CALLE ELIAS SERRA RAFOLS,1.0,3000.0,E0102,374542.197622,3149109.45381,-16.2814370826,28.4625285528
97.0,31876,CALLE ANTONIO VANDEWALLE Y PINTO,1.0,3000.0,E0103,374681.198829,3149377.95236,-16.2800468032,28.464964963
98.0,44865,CALLE CLAUDIO F SARMIENTO,1.0,3000.0,E0104,375001.027507,3149285.34809,-16.2767705904,28.4641599614
99.0,44915,CALLE POETISA VITORINA BRIDOUX,1.0,3000.0,E0105,374696.043605,3148805.40934,-16.2798329505,28.4597995175
100.0,32825,CALLE JOSE LIBRERO,1.0,3000.0,E0106,374871.349337,3149628.10674,-16.2781321085,28.4672407245
101.0,20693,CALLE LOS MOLINOS,1.0,3000.0,E0107,377151.003052,3149170.25099,-16.2548022954,28.4633255955
102.0,10307,CALLE SAN FERNANDO,1.0,3000.0,E0108,377577.72,3150442.78,-16.2505798144,28.4748496896
103.0,20484,CALLE EDUARDO ZAMACOIS,1.0,3000.0,E0109,376634.909965,3148985.78934,-16.2600529742,28.461612199
104.0,20484,CALLE EDUARDO ZAMACOIS,1.0,3000.0,E0110,376636.319882,3148989.31728,-16.2600389538,28.4616441702
105.0,20766,CALLE LEONCIO RODRIGUEZ,1.0,3000.0,E0111,377492.14,3148971.7916,-16.2512974449,28.4615666876
106.0,10705,PLAZA PRIMERO DE MAYO,1.0,3000.0,E0112,377336.976868,3149130.97466,-16.2528989168,28.4629886529
107.0,57564,CALLE PROLONGACION RAMON Y CAJAL,1.0,3000.0,E0114,377165.712143,3149440.49362,-16.2546808921,28.4657657887
108.0,10822,CALLE MIRAFLORES,1.0,3000.0,E0115,377170.397737,3149484.68559,-16.254637752,28.4661650411
109.0,10822,CALLE MIRAFLORES,1.0,3000.0,E0116,377496.749441,3149393.23385,-16.2512951765,28.4653704364
110.0,10064,CALLE SAN FRANCISCO,1.0,3000.0,E0117,377717.446077,3149635.84915,-16.2490670862,28.4675806414
111.0,20596,AVDA BUENOS AIRES,1.0,3000.0,E0119,377101.99083,3148883.17133,-16.2552722013,28.4607302232
112.0,20581,AVDA LA SALLE,1.0,3000.0,E0120,376935.522794,3148989.43347,-16.2569835064,28.4616734886
113.0,20693,CALLE LOS MOLINOS,1.0,3000.0,E0121,377114.401298,3148965.4697,-16.2551542419,28.4614740954
114.0,20712,AVDA SAN SEBASTIAN,1.0,3000.0,E0122,377342.887983,3149201.94228,-16.2528461055,28.4636296575
115.0,10257,CALLE DOCTOR JOSE NAVEIRAS,1.0,3000.0,E0123,377359.750063,3150154.72156,-16.252775332,28.4722296129
116.0,11261,CALLE SUAREZ GUERRA,2.0,3000.0,E0124,377495.413425,3149767.20343,-16.2513485845,28.4687452066
117.0,11357,CALLE VILLALBA HERVAS,1.0,3000.0,E0125,377578.618446,3149681.34789,-16.2504897123,28.4679782174
118.0,11311,CALLE EMILIO CALZADILLA,1.0,3000.0,E0126,377702.620976,3149789.8791,-16.2492348404,28.468969298
119.0,11052,PLAZA WEYLER,1.0,3000.0,E0127,377059.00523,3149698.77466,-16.255798187,28.46808659
120.0,10787,CALLE IMELDO SERIS,1.0,3000.0,E0128,377159.100988,3149610.07251,-16.2547664882,28.4672955321
121.0,21143,CALLE PADRE ANCHIETA,1.0,3000.0,E0129,377091.576859,3149262.17649,-16.2554189709,28.4641495782
122.0,21143,CALLE PADRE ANCHIETA,1.0,3000.0,E0130,377250.26037,3149212.81663,-16.2537931964,28.4637190771
123.0,20871,CALLE JUAN ALVAREZ GARCIA,1.0,3000.0,E0131,377428.978286,3149031.76323,-16.251948832,28.462101968
124.0,30575,CALLE ENRIQUE WOLFSON,1.0,3000.0,E0132,376925.142945,3150238.6217,-16.2572229514,28.4729458068
125.0,30552,CALLE EMILIO SERRA FERNANDEZ DE MORATIN,1.0,3000.0,E0133,376592.419378,3150072.23478,-16.2606032573,28.4714127927
126.0,44803,CALLE DOCTOR PEREZ CAMACHO,1.0,3000.0,E0134,376492.12,3150299.63,-16.261651991,28.4734554164
127.0,44792,CALLE HENRY DUNANT,1.0,3000.0,E0135,376380.603149,3150230.79,-16.2627835371,28.4728236002
128.0,30401,GTA ESTADO DE VIRGINIA,1.0,3000.0,E0136,376452.678563,3149966.44166,-16.2620190728,28.4704448284
129.0,20712,AVDA SAN SEBASTIAN,1.0,3000.0,E0137,376865.771906,3149185.52481,-16.2577167555,28.4634365313
130.0,30575,CALLE ENRIQUE WOLFSON,1.0,3000.0,E0138,376831.576075,3150159.761,-16.258170125,28.4722252913
131.0,21472,CALLE TAJINASTE (BARRIO NUEVO),1.0,3000.0,E0139,375766.791399,3150148.40368,-16.2690435352,28.4720217518
132.0,10856,PLAZA LA LLAVITA,1.0,3000.0,E0140,375944.615138,3150370.68564,-16.2672513704,28.4740446611
133.0,30896,CALLE FEBLES CAMPOS,1.0,3000.0,E0141,375999.479777,3149908.69861,-16.2666412941,28.4698806985
134.0,30834,CALLE DEL OLVIDO,1.0,3000.0,E0142,376134.978706,3149848.39472,-16.2652509918,28.4693493695
135.0,30432,CALLE HORACIO NELSON,1.0,3000.0,E0143,376733.106851,3150006.14271,-16.2591593529,28.470829657
136.0,43065,CTRA DE HOYA FRIA,1.0,3000.0,E0144,374862.81,3147343.1,-16.2779712598,28.446619
137.0,57324,CALLE PINTOR MARTIN GONZALEZ,2.0,3000.0,E0146,376151.689541,3149002.61869,-16.2649894185,28.4617182735
138.0,30455,CALLE COMANDANTE SANCHEZ PINTO,1.0,3000.0,E0147,376533.852648,3149947.01833,-16.2611879737,28.4702772335
139.0,30455,CALLE COMANDANTE SANCHEZ PINTO,1.0,3000.0,E0148,376602.005505,3149905.13969,-16.2604874548,28.4699057535
140.0,31064,CALLE COMODORO ROLIN,1.0,3000.0,E0149,376006.18,3149306.95,-16.2665081045,28.4644508757
141.0,31017,CALLE MURILLO,1.0,3000.0,E0150,375971.991857,3149465.78125,-16.2668743387,28.4658809918
142.0,31056,CALLE BLAS CABRERA,1.0,3000.0,E0151,375860.58221,3149318.94586,-16.2679962753,28.4645452786
143.0,54747,PASEO DE LAS ESCUELAS PIAS,1.0,3000.0,E0152,376722.52,3150223.24,-16.2592907103,28.4727878473
144.0,30416,CALLE DEL PERDON,1.0,3000.0,E0153,376282.151286,3150051.14402,-16.2637697355,28.4711930498
145.0,30424,CALLE DE LOS SUEÑOS,1.0,3000.0,E0154,376188.547756,3150039.72947,-16.2647244714,28.4710811526
146.0,30745,CALLE CAMPOAMOR,1.0,3000.0,E0155,376089.127247,3150247.43601,-16.2657621854,28.4729461459
147.0,30745,CALLE CAMPOAMOR,1.0,3000.0,E0156,376092.889337,3150284.3358,-16.2657277327,28.4732795043
148.0,30753,"CALLE JUAN PEREZ DELGADO ""NIJOTA""",1.0,3000.0,E0157,376000.45602,3150283.85488,-16.2666717103,28.4732663742
149.0,30753,"CALLE JUAN PEREZ DELGADO ""NIJOTA""",1.0,3000.0,E0158,375993.601713,3150196.92691,-16.2667323548,28.4724812443
150.0,30753,"CALLE JUAN PEREZ DELGADO ""NIJOTA""",1.0,3000.0,E0159,375960.976575,3150106.37586,-16.2670558042,28.471660966
151.0,30745,CALLE CAMPOAMOR,1.0,3000.0,E0160,376114.644211,3150200.48424,-16.2654965291,28.4725248569
152.0,30293,CALLE FERNANDO PRIMO DE RIVERA,1.0,3000.0,E0161,376165.724719,3149916.6097,-16.2649443246,28.4699678944
153.0,30293,CALLE FERNANDO PRIMO DE RIVERA,1.0,3000.0,E0162,376091.575965,3149965.34693,-16.2657068312,28.4704006761
154.0,30792,CALLE POETA TOMAS MORALES,1.0,3000.0,E0163,376059.983575,3150058.98781,-16.2660395537,28.4712427316
155.0,30416,CALLE DEL PERDON,1.0,3000.0,E0164,376231.749335,3150082.71407,-16.2642878774,28.4714731683
156.0,31087,CALLE DOCTOR JIMENEZ DIAZ,1.0,3000.0,E0165,375808.761215,3149278.28901,-16.2685211017,28.4641734377
157.0,30993,AVDA DE BELGICA,1.0,3000.0,E0166,376188.243355,3149349.32334,-16.2646533828,28.4648505731
158.0,21665,CALLE PRINCESA GUAYARMINA,1.0,3000.0,E0167,375668.409309,3149912.86725,-16.2700228837,28.4698867852
159.0,30915,CALLE OBISPO PEREZ CACERES,1.0,3000.0,E0168,376171.235372,3149721.4682,-16.2648670698,28.4682073693
160.0,30351,CALLE SALAMANCA,1.0,3000.0,E0169,376291.640592,3149653.53732,-16.2636301243,28.4676057593
161.0,22034,CALLE LA OROTAVA,1.0,3000.0,E0170,375159.330994,3150066.59779,-16.2752386247,28.4712254644
162.0,21545,CALLE BENAHOARE,1.0,3000.0,E0171,375585.465414,3149944.16315,-16.2708733484,28.4701613002
163.0,21827,CALLE MENCEY BENCOMO,1.0,3000.0,E0172,375529.82,3150198.18,-16.2714690908,28.4724483491
164.0,22726,CALLE JOSE FONSPERTIUS,1.0,3000.0,E0173,375417.473425,3150404.45923,-16.2726387971,28.4742991703
165.0,22185,CALLE VIA CORNISA,1.0,3000.0,E0174,375173.8,3150333.41,-16.2751197705,28.473634678
166.0,22556,CALLE GUIMAR,1.0,3000.0,E0175,375067.060718,3150323.45171,-16.2762088273,28.4735345837
167.0,22556,CALLE GUIMAR,1.0,3000.0,E0176,375035.217569,3150397.90514,-16.276542122,28.4742034304
168.0,22517,CALLE TACORONTE,1.0,3000.0,E0177,374976.62,3150207.0937,-16.2771198741,28.4724758483
169.0,22185,CALLE VIA CORNISA,1.0,3000.0,E0178,374977.608005,3150113.28588,-16.2770996015,28.4716293816
170.0,22316,CALLE ARONA,1.0,3000.0,E0179,374812.481934,3150129.84486,-16.2787878139,28.4717629691
171.0,22204,CALLE GRANADILLA,1.0,3000.0,E0180,374819.541215,3149936.28436,-16.2786946834,28.4700168761
172.0,30366,CALLE SANTIAGO CUADRADO,1.0,3000.0,E0181,376385.830397,3149671.70123,-16.2626701548,28.467778613
173.0,30993,AVDA DE BELGICA,1.0,3200.0,E0182,376035.968719,3149375.60958,-16.2662112817,28.4650733245
174.0,30993,AVDA DE BELGICA,1.0,3200.0,E0183,375947.994917,3149393.90514,-16.2671116658,28.4652300653
175.0,10035,CALLE LAURA GROTE DE LA PUERTA,1.0,3000.0,E0184,374273.1,3146943.37,-16.2839489001,28.4429549776
176.0,21707,AVDA DE VENEZUELA,1.0,3000.0,E0185,375624.471029,3149553.32973,-16.2704327984,28.4666379651
177.0,22123,CALLE LOS REALEJOS,1.0,3000.0,E0186,375117.641724,3150172.5061,-16.2756758735,28.4721772332
178.0,21707,AVDA DE VENEZUELA,1.0,3000.0,E0187,375640.681903,3149454.4986,-16.2702565786,28.4657476144
179.0,21707,AVDA DE VENEZUELA,1.0,3200.0,E0188,375665.546483,3149446.24752,-16.2700017626,28.4656755242
180.0,51401,CALLE LAS CAÑADAS,1.0,3000.0,E0189,374711.433838,3149643.62626,-16.2797669258,28.4673654217
181.0,10460,CALLE PROLONGACION EMILIO SERRA RUS,1.0,3000.0,E0190,374803.464144,3149594.35094,-16.2788217149,28.4669295809
182.0,32021,CALLE ARICO,1.0,3000.0,E0191,374705.789282,3149533.01878,-16.2798125421,28.4663667109
183.0,30304,AVDA ISLAS CANARIAS,1.0,3000.0,E0192,375598.78959,3149360.48333,-16.2706742469,28.4648951816
184.0,44486,CALLE BELISARIO GUIMERA Y DEL CASTILLO VALERO,1.0,3000.0,E0193,375677.816077,3149235.95541,-16.269853772,28.4637789218
185.0,32713,CTRA DEL ROSARIO,1.0,3000.0,E0194,374796.8,3147900.58,-16.2787057801,28.4516436173
186.0,51447,CALLE CRUZ DE LA GALLEGA,1.0,3000.0,E0195,371019.785405,3145012.81577,-16.3169495444,28.4252155585
187.0,57274,CTRA GENERAL DEL SUR,1.0,3000.0,E0196,370905.053217,3144896.85569,-16.3181077955,28.4241577601
188.0,52733,CTRA DEL TABLERO,1.0,3000.0,E0197,369959.26226,3144387.61169,-16.3277052108,28.4194683635
189.0,52717,CALLE PETUNIA,1.0,3000.0,E0198,369938.345316,3144186.36809,-16.3278960623,28.4176501963
190.0,52795,CALLE ZARZAMORA,1.0,3000.0,E0199,369300.916173,3144742.21074,-16.3344655098,28.4226026668
191.0,52435,CALLE CASTAÑO,1.0,3000.0,E0200,369521.338233,3144570.30386,-16.3321960296,28.4210733658
192.0,50541,CALLE EL DRAGUILLO,1.0,3000.0,E0201,372449.647884,3146099.29808,-16.3024731347,28.4351608198
193.0,50684,CALLE RAMOS,1.0,3000.0,E0202,372280.954832,3146325.34289,-16.3042203869,28.4371842404
194.0,50622,CALLE LOS PEREGRINOS,1.0,3000.0,E0203,372009.658726,3146175.69289,-16.3069735744,28.4358071733
195.0,10476,CALLE EL CANARIO,1.0,3000.0,E0204,372350.290993,3147046.6437,-16.3035923094,28.4437003081
196.0,50421,AVDA DE TINCER,1.0,3000.0,E0205,372462.528726,3146994.63356,-16.3024406009,28.4432419226
197.0,10042,CALLE EL BUHO,1.0,3000.0,E0206,371908.861947,3146296.17644,-16.308016015,28.4368845743
198.0,51374,CALLE BARRANCO GRANDE,1.0,3000.0,E0207,371818.641348,3146189.89764,-16.3089253092,28.4359166208
199.0,51374,CALLE BARRANCO GRANDE,1.0,3000.0,E0208,371630.923894,3146472.17289,-16.3108731795,28.4384455262
200.0,50703,CALLE SAUCE,1.0,3000.0,E0209,372106.991009,3146890.38,-16.3060590986,28.4422663084
201.0,10024,CALLE EL ACEBO,1.0,3000.0,E0210,371834.181681,3146551.20611,-16.3088067852,28.4391787226
202.0,10477,CALLE EL PAPITO,1.0,3000.0,E0211,370994.517489,3146726.0889,-16.3173989892,28.4406742063
203.0,50823,CALLE BELLOTERO,1.0,3000.0,E0212,370510.779935,3146733.77363,-16.3223386833,28.4406956548
204.0,50974,CALLE GANSO,1.0,3000.0,E0213,370567.678177,3146593.12225,-16.3217419884,28.4394320174
205.0,51602,CALLE REINETA,1.0,3000.0,E0214,371387.86,3146552.92,-16.3133637539,28.4391502897
206.0,52385,CALLE BIGUIPALA,1.0,3000.0,E0215,370969.38,3145481.88,-16.3175165215,28.4294435737
207.0,52385,CALLE BIGUIPALA,1.0,3000.0,E0216,370826.699449,3145375.2125,-16.3189611633,28.4284668649
208.0,52636,CALLE MANDRAGORA,1.0,3000.0,E0217,370910.54333,3145540.45691,-16.3181237161,28.4299663762
209.0,52307,CALLE ALTAMIRA,1.0,3000.0,E0219,370634.306726,3145532.33509,-16.3209428248,28.429865745
210.0,01101,CALLE URBANIZACION ALDEAS INFANTILES,1.0,3000.0,E0220,368634.286282,3145395.68342,-16.3413447673,28.4284328968
211.0,52427,CALLE CAPUCHINA,1.0,3000.0,E0221,369104.260623,3145029.97477,-16.3365055783,28.4251798358
212.0,52795,CALLE ZARZAMORA,1.0,3000.0,E0222,369352.750609,3145056.66796,-16.3339719666,28.4254456028
213.0,10289,CALLE NISAMAR,1.0,3000.0,E0223,373100.803142,3144980.25683,-16.2957022758,28.4251255862
214.0,10289,CALLE NISAMAR,1.0,3000.0,E0224,373140.628053,3144969.66,-16.2952945651,28.4250338248
215.0,10558,CALLE JUSTO NICOMEDES GONZALEZ DIAZ,1.0,3000.0,E0225,370724.036913,3144737.71222,-16.3199378206,28.4227036925
216.0,52242,CALLE RODODENDRO,1.0,3000.0,E0226,370619.33476,3144677.73016,-16.3209999006,28.4221520279
217.0,52242,CALLE RODODENDRO,1.0,3000.0,E0227,370675.8,3144625.7346,-16.320417683,28.4216883942
218.0,50711,CTRA DEL SOBRADILLO,1.0,3000.0,E0228,370465.994043,3146641.38813,-16.3227855624,28.4398574964
219.0,50711,CTRA DEL SOBRADILLO,1.0,3000.0,E0229,370138.51389,3146573.85591,-16.3261214148,28.4392155264
220.0,50711,CTRA DEL SOBRADILLO,1.0,3000.0,E0230,369953.355693,3146748.71309,-16.3280315091,28.440775053
221.0,52095,CALLE SAN FRANCISCO DE PAULA (LLANO DEL MORO),1.0,3000.0,E0231,369418.425388,3147080.32327,-16.3335305227,28.4437141819
222.0,52137,"CALLE LA ZAPATERA, (LLANO DEL MORO)",1.0,3000.0,E0232,369799.815965,3147708.89833,-16.3297074916,28.4494247164
223.0,52137,"CALLE LA ZAPATERA, (LLANO DEL MORO)",1.0,3000.0,E0233,369964.74184,3147611.39743,-16.3280125151,28.4485612892
224.0,10495,CALLE 122,1.0,3000.0,E0234,369889.885318,3147476.423,-16.3287616068,28.4473357814
225.0,50711,CTRA DEL SOBRADILLO,1.0,3000.0,E0235,369381.734775,3146923.87,-16.3338874173,28.4422986357
226.0,52547,CALLE GIRASOL,1.0,3000.0,E0237,370971.31339,3145317.53494,-16.3174784149,28.4279606598
227.0,51455,CALLE LOS DESAMPARADOS,1.0,3000.0,E0238,371108.094871,3145643.2263,-16.3161184432,28.4309133165
228.0,11043,CALLE PRIMERA LA MONJA,1.0,3000.0,E0239,371496.593152,3146129.85605,-16.312206515,28.4353431242
229.0,57274,CTRA GENERAL DEL SUR,1.0,3000.0,E0240,371611.27656,3145935.09312,-16.3110140149,28.4335967984
230.0,51834,CALLE RUISEÑOR,1.0,3000.0,E0241,371835.565238,3146074.26906,-16.3087396858,28.4348748086
231.0,10109,CALLE ROBERTO SANCHEZ SUAREZ,1.0,3000.0,E0242,372713.114243,3146997.40927,-16.299882414,28.4432914356
232.0,50115,CALLE LOS ESTUDIANTES,1.0,3000.0,E0243,372272.610832,3147226.9567,-16.3044053978,28.4453199176
233.0,50533,CALLE DOCTOR JOSE SAEZ Y SAENZ DIEZ,1.0,3000.0,E0244,372259.991168,3146507.96522,-16.3044546326,28.4388302409
234.0,10042,CALLE EL BUHO,1.0,3000.0,E0245,371965.607857,3146211.27805,-16.3074272521,28.4361239873
235.0,57274,CTRA GENERAL DEL SUR,1.0,3000.0,E0246,370671.82977,3144553.02364,-16.3204500679,28.421031833
236.0,52315,CALLE AMAPOLA,1.0,3000.0,E0247,370479.190937,3144363.85269,-16.3223952796,28.419305606
237.0,52772,CALLE TULIPAN,1.0,3000.0,E0248,370600.009933,3144445.07815,-16.3211710989,28.4200505846
238.0,52717,CALLE PETUNIA,1.0,3000.0,E0249,369784.563092,3144297.11114,-16.3294782778,28.4186342573
239.0,52226,CALLE PARTE CAMINOS,1.0,3000.0,E0250,370771.28511,3144730.97587,-16.3194547566,28.4226475767
240.0,52211,CALLE ORQUIDEA,1.0,3000.0,E0251,370740.004209,3145048.74233,-16.3198096449,28.4255121121
241.0,52211,CALLE ORQUIDEA,1.0,3000.0,E0253,370803.97739,3144999.12946,-16.319151037,28.4250707189
242.0,52184,CALLE EL HUMILLADERO,1.0,3000.0,E0254,370283.488517,3145100.37047,-16.3244756805,28.4259327597
243.0,10847,CALLE EL GARABATO,2.0,3000.0,E0255,370574.1,3147194.24,-16.3217438654,28.4448573226
244.0,54612,CALLE COLUMBRETE,1.0,3000.0,E0256,371948.438831,3145128.94807,-16.3074824627,28.4263549588
245.0,10570,AVDA PRINCIPAL AÑAZA,1.0,3200.0,E0257,372389.512184,3144938.9858,-16.3029588032,28.4246838368
246.0,10540,CALLE LOS CALADOS,1.0,3200.0,E0258,372530.678256,3145034.71587,-16.30152831,28.4255615279
247.0,10178,RBLA BENTACAYSE,1.0,3200.0,E0259,372649.685129,3144912.18028,-16.3002999292,28.424467327
248.0,10570,AVDA PRINCIPAL AÑAZA,1.0,3200.0,E0260,372831.525964,3145199.35965,-16.298475281,28.4270766684
249.0,10559,RBLA AÑAZA,1.0,3200.0,E0261,372683.517474,3144767.1523,-16.2999385687,28.423161834
250.0,10570,AVDA PRINCIPAL AÑAZA,1.0,3200.0,E0262,372445.031316,3144648.74267,-16.3023599869,28.4220699907
251.0,57877,CALLE DECANO CONSULAR JESUS RAMOS GONZALEZ,1.0,3200.0,E0263,372642.821394,3144591.69116,-16.3003346484,28.421574434
252.0,57877,CALLE DECANO CONSULAR JESUS RAMOS GONZALEZ,1.0,3200.0,E0264,372932.796248,3144956.71437,-16.297414756,28.4248967948
253.0,10570,AVDA PRINCIPAL AÑAZA,1.0,3200.0,E0265,372609.16035,3145234.12561,-16.3007491394,28.4273687385
254.0,10570,AVDA PRINCIPAL AÑAZA,1.0,3200.0,E0266,373046.8,3144976.98,-16.2962531979,28.4250907666
255.0,57282,CALLE ACORAN,1.0,3200.0,E0267,372174.095396,3144242.07841,-16.3050806943,28.4183736079
256.0,10541,CALLE CATAIXA,3.0,3200.0,E0268,372032.922463,3144207.34703,-16.3065178907,28.418046358
257.0,10747,CALLE IBAUTE,1.0,3200.0,E0269,371736.157171,3144040.81695,-16.3095286633,28.4165144255
258.0,10499,CALLE MAYANTIGO,1.0,3200.0,E0270,372379.167236,3144045.09122,-16.3029656253,28.4166159649
259.0,54612,CALLE COLUMBRETE,1.0,3200.0,E0271,372119.158519,3144993.88586,-16.3057247253,28.4251528334
260.0,10744,CALLE TAMARAN,1.0,3200.0,E0272,372160.772698,3145118.03937,-16.305313662,28.4262773162
261.0,56007,CALLE GUAYRE,1.0,3200.0,E0273,372208.537546,3145209.27025,-16.3048361569,28.4271052933
262.0,58207,CALLE TANO,1.0,3200.0,E0274,371951.68663,3145192.97012,-16.3074564086,28.4269330362
263.0,56804,CALLE ATAMAN,1.0,3200.0,E0275,371911.26143,3145179.17794,-16.3078675578,28.4268046062
264.0,56804,CALLE ATAMAN,1.0,3200.0,E0276,371890.677779,3145351.52524,-16.3080968103,28.4283579132
265.0,58401,CALLE CHACERQUEN,1.0,3200.0,E0277,372023.826191,3145348.47,-16.306737212,28.4283433968
266.0,10301,CALLE PUNTA DE ANAGA,1.0,3200.0,E0278,371946.17,3145550.04,-16.3075523337,28.4301548267
267.0,10301,CALLE PUNTA DE ANAGA,1.0,3200.0,E0279,371913.57,3145507.49,-16.3078804183,28.4297676425
268.0,10301,CALLE PUNTA DE ANAGA,1.0,3200.0,E0280,371834.446452,3145398.82211,-16.3086761046,28.4287792201
269.0,10312,CALLE PUNTA DE RASCA,1.0,3200.0,E0281,371742.10492,3145527.99624,-16.3096331381,28.4299358682
270.0,10301,CALLE PUNTA DE ANAGA,1.0,3200.0,E0282,371602.27656,3145087.51587,-16.3110116192,28.4259470732
271.0,57274,CTRA GENERAL DEL SUR,1.0,3200.0,E0283,372111.376668,3146340.34333,-16.3059533511,28.4373030078
272.0,57274,CTRA GENERAL DEL SUR,1.0,3200.0,E0284,372544.244762,3146913.29492,-16.3015972885,28.4425158752
273.0,50711,CTRA DEL SOBRADILLO,1.0,3200.0,E0285,371790.63,3146434.35,-16.3092384472,28.4381198949
274.0,50653,CALLE PETREL,1.0,3200.0,E0286,371746.67598,3146551.18242,-16.3097001839,28.4391699139
275.0,50711,CTRA DEL SOBRADILLO,1.0,3200.0,E0287,371666.624584,3146578.14165,-16.3105204779,28.4394053355
276.0,10325,CALLE LA BREGA,1.0,3200.0,E0289,371684.548252,3147242.60175,-16.3104113928,28.4454034136
277.0,50951,CALLE FAISAN,1.0,3200.0,E0291,371320.733332,3147032.6446,-16.3141026004,28.4434728678
278.0,59474,CTRA GENERAL DE GENETO,1.0,3200.0,E0292,371071.676983,3146995.65843,-16.3166413374,28.4431145124
279.0,51196,CALLE ROBIN,1.0,3200.0,E0293,371154.957305,3146808.91866,-16.3157701894,28.4414375366
280.0,10244,AVDA LOS MAJUELOS,1.0,3200.0,E0294,371229.76579,3146747.20847,-16.3149995196,28.4408880264
281.0,10244,AVDA LOS MAJUELOS,1.0,3200.0,E0295,371308.6095,3146829.43109,-16.3142037148,28.4416378067
282.0,40781,CALLE LA ASOMADITA,1.0,3200.0,E0296,370928.039052,3146852.30442,-16.3180918382,28.4418066429
283.0,10276,CALLE LOMO SAN PEDRO,1.0,3200.0,E0297,370859.358201,3146264.22746,-16.3187272367,28.436492856
284.0,10276,CALLE LOMO SAN PEDRO,1.0,3200.0,E0298,370816.016869,3146104.99326,-16.3191518972,28.4350515875
285.0,10292,CALLE CHINEGUAS,1.0,3200.0,E0299,370679.137095,3146217.05105,-16.3205618873,28.4360492808
286.0,10348,CALLE EL PICHE,1.0,3200.0,E0300,370510.204499,3146317.6373,-16.3222978556,28.4369402567
287.0,10348,CALLE EL PICHE,1.0,3200.0,E0301,370466.929603,3146136.07876,-16.3227192847,28.4352975235
288.0,10369,CALLE EL CAMBULLON,1.0,3200.0,E0302,370637.587,3145964.844,-16.3209578126,28.4337691684
289.0,10452,CALLE SIEMPREVIVA,1.0,3200.0,E0303,370756.80296,3145926.24201,-16.3197364054,28.4334326183
290.0,10244,AVDA LOS MAJUELOS,1.0,3200.0,E0304,370742.318997,3146018.89285,-16.3198946497,28.4342672954
291.0,81895,CTRA IGUESTE DE SAN ANDRES,1.0,3200.0,E0307,386944.111309,3155815.41195,-16.1554440774,28.5241827238
292.0,81895,CTRA IGUESTE DE SAN ANDRES,1.0,3200.0,E0308,387060.736765,3156064.20195,-16.154276812,28.5264381268
293.0,40643,CALLE PIMENTEL,1.0,3200.0,E0309,383606.31749,3154400.66873,-16.1894074633,28.5111207436
294.0,10097,AVDA MARITIMA DE SAN ANDRES,1.0,3200.0,E0311,383309.607415,3153577.97212,-16.1923554571,28.5036696117
295.0,40337,CALLE DIQUE,1.0,3200.0,E0312,383260.000745,3153542.82006,-16.1928586848,28.5033479284
296.0,53172,CTRA SAN ANDRES-TAGANANA,1.0,3200.0,E0313,383262.181762,3153646.53185,-16.1928469314,28.5042840885
297.0,01067,CALLE ACCESO CASTILLO SAN ANDRES,1.0,3200.0,E0314,383467.303057,3153725.44127,-16.1907593359,28.5050145987
298.0,10714,PLAZA CONCEJAL ANTONIO COVA DOMINGUEZ,1.0,3200.0,E0315,383161.545403,3153918.72752,-16.193902726,28.5067315338
299.0,10714,PLAZA CONCEJAL ANTONIO COVA DOMINGUEZ,1.0,3200.0,E0316,383108.304743,3153911.72257,-16.1944459514,28.5066635364
300.0,10278,AVDA PLAYA LOS PESCADITOS,1.0,3200.0,E0317,380055.681242,3152606.77497,-16.2254970017,28.4946092404
301.0,40175,CALLE MARIA JIMENEZ,1.0,3200.0,E0318,379945.3542,3152822.33965,-16.2266465203,28.4965444521
302.0,10388,AVDA NUESTRA SEÑORA DEL CARMEN,1.0,3200.0,E0319,378918.934545,3151826.36015,-16.2370270581,28.4874611654
303.0,10433,CALLE PUNTA DE TENO,1.0,3200.0,E0320,371810.480369,3145499.0,-16.3089318903,28.4296809096
304.0,51022,CALLE IRIS,1.0,3200.0,E0321,371305.876658,3146902.76415,-16.3142397976,28.4422993189
305.0,10524,AVDA DE ANAGA,1.0,3200.0,E0322,378549.01804,3151164.23804,-16.2407357309,28.4814513876
306.0,10524,AVDA DE ANAGA,2.0,3000.0,E0323,378385.986326,3150953.53627,-16.2423786752,28.4795346965
307.0,44753,CALLE JOSE DE ZARATE Y PENICHET,1.0,3200.0,E0324,378076.159679,3151298.93292,-16.2455797525,28.4826227842
308.0,44753,CALLE JOSE DE ZARATE Y PENICHET,1.0,3200.0,E0325,378288.077568,3151033.87019,-16.2433871858,28.4802505314
309.0,10206,CALLE DOCTOR FRANCISCO TRUJILLO CASTRO,1.0,3200.0,E0326,377995.243355,3151292.78457,-16.2464055854,28.4825597239
310.0,10400,CALLE FERNANDO H. GUZMAN,1.0,3200.0,E0327,377997.772626,3151026.51506,-16.2463515343,28.4801570069
311.0,10400,CALLE FERNANDO H. GUZMAN,1.0,3200.0,E0328,377870.47,3150862.18414,-16.24763435,28.4786620749
312.0,44776,AVDA PROFESOR PERAZA DE AYALA,1.0,3200.0,E0329,377785.333017,3150889.82683,-16.2485068454,28.478903555
313.0,44776,AVDA PROFESOR PERAZA DE AYALA,1.0,3200.0,E0330,377888.929843,3150808.6046,-16.247440125,28.4781802753
314.0,44776,AVDA PROFESOR PERAZA DE AYALA,1.0,3200.0,E0331,377996.488854,3150841.85891,-16.2463450801,28.4784904535
315.0,10555,CALLE ELIAS RAMOS GONZALEZ,1.0,3200.0,E0332,378067.37,3150888.32626,-16.2456260445,28.4789164333
316.0,10532,CALLE CARLOS J.R. HAMILTON,1.0,3200.0,E0333,378143.758869,3150920.89701,-16.2448492777,28.4792175141
317.0,10532,CALLE CARLOS J.R. HAMILTON,1.0,3200.0,E0334,378139.153409,3151052.79018,-16.2449102762,28.4804073566
318.0,44776,AVDA PROFESOR PERAZA DE AYALA,1.0,3200.0,E0335,378050.997459,3151026.96699,-16.245807953,28.4801660675
319.0,10555,CALLE ELIAS RAMOS GONZALEZ,1.0,3200.0,E0336,378229.734888,3150862.56921,-16.2439649722,28.4786991701
320.0,54844,CALLE PEDRO PEREZ DIAZ,1.0,3200.0,E0337,377716.334758,3150553.77882,-16.2491758863,28.4758644127
321.0,10547,PZTA DOCTOR PABLOS ABRIL,1.0,3200.0,E0338,378013.796362,3150684.00524,-16.2461515843,28.4770675197
322.0,10025,AVDA FRANCISCO LA ROCHE,1.0,3200.0,E0339,377935.331556,3150447.53413,-16.2469279217,28.474926134
323.0,10025,AVDA FRANCISCO LA ROCHE,1.0,3200.0,E0340,377907.227302,3150198.37635,-16.2471885464,28.4726749711
324.0,11117,CALLE NUMANCIA,1.0,3000.0,E0343,377188.463742,3150029.92149,-16.2545113786,28.4710872278
325.0,10095,CALLE MENDEZ NUÑEZ,1.0,3200.0,E0344,377344.468889,3150054.61492,-16.2529207392,28.471324762
326.0,10095,CALLE MENDEZ NUÑEZ,1.0,3200.0,E0345,377454.34852,3150184.88377,-16.2518124033,28.472510709
327.0,10095,CALLE MENDEZ NUÑEZ,1.0,3200.0,E0346,377551.721267,3150296.85891,-16.2508298329,28.4735303807
328.0,10095,CALLE MENDEZ NUÑEZ,1.0,3200.0,E0347,377659.01,3150430.31,-16.2497482505,28.4747447868
329.0,10114,CALLE LA ROSA,1.0,3200.0,E0348,377859.928757,3150415.73874,-16.2476946624,28.4746321318
330.0,10114,CALLE LA ROSA,1.0,3200.0,E0349,377690.465,3150078.838,-16.2493896673,28.4715758735
331.0,10114,CALLE LA ROSA,1.0,3200.0,E0350,377628.25965,3149952.30162,-16.250011527,28.4704281055
332.0,10041,CALLE LA MARINA,1.0,3200.0,E0351,377846.806895,3149861.9269,-16.2477699466,28.4696330135
333.0,10041,CALLE LA MARINA,1.0,3200.0,E0352,377866.266983,3150030.96348,-16.2475891268,28.4711603121
334.0,30092,AVDA VEINTICINCO DE JULIO,1.0,3200.0,E0354,377043.742121,3149891.63829,-16.2559746482,28.4698256487
335.0,11141,CALLE ROBAYNA,1.0,3200.0,E0355,377048.427374,3149789.5694,-16.2559159049,28.4689049698
336.0,10095,CALLE MENDEZ NUÑEZ,1.0,3200.0,E0356,377121.212888,3149790.33038,-16.2551726488,28.4689186997
337.0,30084,CALLE PEREZ DE ROZAS,1.0,3200.0,E0357,376971.692573,3149783.45374,-16.2566989215,28.4688425399
338.0,30084,CALLE PEREZ DE ROZAS,1.0,3200.0,E0358,376696.784604,3149826.4654,-16.2595110751,28.4692047263
339.0,30037,CALLE COSTA Y GRIJALBA,1.0,3200.0,E0359,376819.573368,3149925.39038,-16.2582676455,28.4701090818
340.0,30037,CALLE COSTA Y GRIJALBA,1.0,3200.0,E0360,376926.54433,3149943.4123,-16.2571770963,28.4702818239
341.0,30037,CALLE COSTA Y GRIJALBA,1.0,3200.0,E0361,377027.241821,3149958.87134,-16.2561503397,28.4704308369
342.0,11141,CALLE ROBAYNA,1.0,3200.0,E0362,376956.491708,3149896.95536,-16.2568662865,28.4698654004
343.0,11187,CALLE VIERA Y CLAVIJO,1.0,3200.0,E0363,376991.100382,3150039.95372,-16.2565281054,28.4711591547
344.0,30061,CALLE JESUS Y MARIA,1.0,3200.0,E0364,376947.509165,3149722.55081,-16.2569393941,28.4682906392
345.0,30084,CALLE PEREZ DE ROZAS,1.0,3200.0,E0365,376863.522626,3149806.82383,-16.2578061261,28.4690432308
346.0,30014,CALLE ALVAREZ DE LUGO,1.0,3200.0,E0366,376838.344649,3149662.77083,-16.2580478612,28.4677408469
347.0,32624,CALLE VELAZQUEZ,1.0,3200.0,E0367,376336.026826,3149360.65444,-16.2631453919,28.4649668546
348.0,11044,CALLE RAMON Y CAJAL,1.0,3200.0,E0368,376514.3631,3149520.42354,-16.2613412909,28.4664255902
349.0,11044,CALLE RAMON Y CAJAL,1.0,3200.0,E0369,376682.381075,3149503.43127,-16.259623597,28.4662881458
350.0,11044,CALLE RAMON Y CAJAL,1.0,3200.0,E0370,376829.58041,3149487.63092,-16.258118643,28.4661594696
351.0,10973,CALLE ALFARO,1.0,3200.0,E0371,377146.863132,3149486.64041,-16.2548783063,28.466180465
352.0,20975,CALLE HELIODORO RODRIGUEZ LOPEZ,1.0,3200.0,E0372,376421.363174,3148990.55492,-16.2622342215,28.4616349872
353.0,20975,CALLE HELIODORO RODRIGUEZ LOPEZ,1.0,3200.0,E0373,376409.680096,3148935.01336,-16.2623475726,28.4611326457
354.0,20975,CALLE HELIODORO RODRIGUEZ LOPEZ,1.0,3200.0,E0374,376393.564144,3148834.75212,-16.2625013944,28.4602263119
355.0,20302,CALLE TOME CANO,1.0,3200.0,E0375,376449.883188,3148674.96369,-16.2619091443,28.4587896391
356.0,20573,GTA PEDRO DE MENDOZA,1.0,3200.0,E0376,376916.661629,3148862.47317,-16.2571625574,28.4605259544
357.0,20445,CALLE CALDERON DE LA BARCA,1.0,3200.0,E0377,376800.766331,3148834.33438,-16.2583430598,28.4602610725
358.0,20364,CALLE JUAN SEBASTIAN ELCANO,1.0,3200.0,E0378,376674.184753,3148803.11728,-16.2596323531,28.4599673899
359.0,20364,CALLE JUAN SEBASTIAN ELCANO,1.0,3200.0,E0379,376451.425201,3148746.01124,-16.2619010135,28.4594309532
360.0,20267,CALLE FRAGATA DANMARK,1.0,3200.0,E0380,376356.500053,3148669.89629,-16.262862202,28.4587350588
361.0,20236,AVDA BENITO PEREZ ARMAS,1.0,3200.0,E0381,376336.81851,3148611.17117,-16.2630568835,28.4582032286
362.0,20116,AVDA TRES DE MAYO,1.0,3200.0,E0382,376802.132555,3148640.73542,-16.2583084144,28.4585140668
363.0,20116,AVDA TRES DE MAYO,1.0,3200.0,E0383,376997.968817,3148721.54542,-16.2563172166,28.4592618214
364.0,20116,AVDA TRES DE MAYO,1.0,3200.0,E0384,376903.548861,3148695.48911,-16.2572786291,28.4590177677
365.0,20341,AVDA DEL CARMEN,1.0,3200.0,E0385,376586.994125,3148643.16888,-16.2605056024,28.4585156881
366.0,20027,CALLE ALVARO RODRIGUEZ LOPEZ,1.0,3200.0,E0386,376875.234495,3148585.04078,-16.2575559701,28.458018353
367.0,20623,CALLE JOSE HERNANDEZ ALFONSO,1.0,3200.0,E0388,377320.502127,3148993.20217,-16.2530524926,28.4617437725
368.0,20712,AVDA SAN SEBASTIAN,1.0,3200.0,E0389,377632.334442,3149156.02174,-16.2498853389,28.4632424407
369.0,10613,AVDA BRAVO MURILLO,1.0,3200.0,E0390,377598.92,3149034.53,-16.2502136689,28.4621428989
370.0,10071,CALLE VICTOR ZURITA SOLER,1.0,3200.0,E0391,377544.300603,3148796.89434,-16.2507461964,28.4599932211
371.0,10806,AVDA MARITIMA,1.0,3200.0,E0392,377799.381678,3149172.29609,-16.2481811467,28.4634049743
372.0,20236,AVDA BENITO PEREZ ARMAS,1.0,3200.0,E0393,376104.925839,3148889.83625,-16.2654548438,28.4606960288
373.0,20236,AVDA BENITO PEREZ ARMAS,1.0,3200.0,E0394,375881.311587,3149156.14619,-16.2677670463,28.4630780718
374.0,20236,AVDA BENITO PEREZ ARMAS,1.0,3200.0,E0395,375816.077617,3149233.44905,-16.2684415527,28.463769478
375.0,20236,AVDA BENITO PEREZ ARMAS,1.0,3200.0,E0397,376107.823808,3148839.95206,-16.2654198876,28.4602461254
376.0,20236,AVDA BENITO PEREZ ARMAS,1.0,3200.0,E0398,376172.346349,3148763.48857,-16.2647527787,28.4595622098
377.0,20236,AVDA BENITO PEREZ ARMAS,1.0,3200.0,E0399,375800.130817,3149206.42646,-16.2686014915,28.4635240948
378.0,31137,CALLE AZORIN,1.0,3200.0,E0400,376124.020791,3148708.47206,-16.2652403553,28.4590611252
379.0,31242,CALLE VALLE INCLAN,1.0,3200.0,E0401,375906.137352,3148605.71433,-16.2674542562,28.4581130777
380.0,31211,CALLE ALCALDE GARCIA RAMOS,1.0,3200.0,E0402,375801.02348,3148600.29446,-16.2685270552,28.4580541611
381.0,31211,CALLE ALCALDE GARCIA RAMOS,1.0,3200.0,E0403,375740.91,3148699.99,-16.2691516584,28.4589481347
382.0,32686,CALLE GANIVET,1.0,3200.0,E0404,375769.728732,3148844.91921,-16.2688729916,28.4602587891
383.0,31211,CALLE ALCALDE GARCIA RAMOS,1.0,3200.0,E0405,375641.22,3148846.24,-16.2701854422,28.4602584609
384.0,32721,CALLE ALCALDE MANDILLO TEJERA,1.0,3200.0,E0406,375476.852787,3148934.81765,-16.2718735002,28.4610421424
385.0,32791,CALLE MASCA,1.0,3200.0,E0407,375210.204536,3149094.52774,-16.2746137741,28.4624579493
386.0,31346,CALLE CAMINO DEL HIERRO,1.0,3200.0,E0408,375105.152062,3148962.81226,-16.2756722963,28.4612592335
387.0,31315,CALLE SIMON BOLIVAR,1.0,3200.0,E0409,375188.415143,3148855.44558,-16.274810395,28.4602982802
388.0,44254,CALLE TIO PINO,1.0,3200.0,E0410,375334.227295,3148779.10144,-16.2733131315,28.4596232626
389.0,44254,CALLE TIO PINO,1.0,3200.0,E0411,375415.60232,3148734.2826,-16.2724773058,28.4592265729
390.0,31315,CALLE SIMON BOLIVAR,1.0,3200.0,E0412,375221.315095,3148916.05794,-16.2744809894,28.4608484215
391.0,31315,CALLE SIMON BOLIVAR,1.0,3200.0,E0413,375348.43,3149012.29,-16.2731933183,28.4617290191
392.0,31315,CALLE SIMON BOLIVAR,1.0,3200.0,E0414,375385.224241,3149043.09839,-16.2728209087,28.4620105643
393.0,31315,CALLE SIMON BOLIVAR,1.0,3200.0,E0415,375550.848735,3149183.32102,-16.2711446977,28.4632918137
394.0,31315,CALLE SIMON BOLIVAR,1.0,3200.0,E0416,375659.775715,3149273.53016,-16.2700420575,28.4641162934
395.0,31296,CALLE MANUEL DE FALLA,1.0,3200.0,E0417,375539.61,3149269.81,-16.2712688104,28.4640712569
396.0,31354,CALLE SUBIDA CUESTA PIEDRA,1.0,3200.0,E0418,375318.845138,3149277.72788,-16.2735241566,28.4641216211
397.0,31354,CALLE SUBIDA CUESTA PIEDRA,1.0,3200.0,E0419,375177.771402,3149308.10051,-16.2749681161,28.4643822202
398.0,32833,CALLE JUAN DE AGUILAR,1.0,3200.0,E0420,375004.253654,3149801.40951,-16.2767936311,28.4688174315
399.0,22212,CALLE LORENZO TOLOSA,1.0,3200.0,E0421,374828.370887,3149840.94721,-16.2785941493,28.4691573613
400.0,22301,CALLE SAN JUAN DE LA RAMBLA,1.0,3200.0,E0422,374924.01495,3149967.52,-16.2776311134,28.4703087875
401.0,22034,CALLE LA OROTAVA,1.0,3000.0,E0423,375126.036077,3150011.2768,-16.2755726636,28.470723035
402.0,32237,CALLE ELADIO ROCA Y SALAZAR,1.0,3200.0,E0424,375148.957617,3149783.7327,-16.275313909,28.4686717743
403.0,32237,CALLE ELADIO ROCA Y SALAZAR,1.0,3000.0,E0425,375052.646265,3149388.13152,-16.2762545964,28.4650924711
404.0,82086,CALLE LEOPOLDO DE LA ROSA OLIVERA,2.0,3000.0,E0426,375275.185859,3149590.68695,-16.27400389,28.4669417268
405.0,32253,CALLE JOSE RODRIGUEZ MOURE,1.0,3200.0,E0427,375352.636362,3149543.32152,-16.2732078064,28.466521687
406.0,32245,CALLE FRANCISCO DE AGUILAR Y AGUILAR,1.0,3200.0,E0428,375210.665983,3149383.40644,-16.2746403457,28.4650649627
407.0,01129,PLAZA EN DIVINA PASTORA,1.0,3200.0,E0429,375332.807747,3149366.53762,-16.2733911765,28.4649244148
408.0,32276,CALLE JUAN RUMEU GARCIA,1.0,3200.0,E0430,375373.239228,3149357.88656,-16.2729773442,28.4648502088
409.0,32713,CTRA DEL ROSARIO,1.0,3200.0,E0431,375053.345253,3148008.72364,-16.2760979252,28.4526441495
410.0,32713,CTRA DEL ROSARIO,1.0,3200.0,E0432,375142.768261,3148118.50017,-16.2751967092,28.4536433843
411.0,32713,CTRA DEL ROSARIO,1.0,3200.0,E0433,375275.237098,3148296.32878,-16.2738632867,28.4552608631
412.0,32713,CTRA DEL ROSARIO,1.0,3200.0,E0434,374843.046329,3148077.45331,-16.2782527605,28.453244238
413.0,32713,CTRA DEL ROSARIO,1.0,3200.0,E0435,374869.662541,3148189.72746,-16.277993165,28.4542600031
414.0,32713,CTRA DEL ROSARIO,1.0,3200.0,E0436,374704.525834,3148142.74582,-16.2796743041,28.4538201693
415.0,32713,CTRA DEL ROSARIO,1.0,3200.0,E0437,374396.757355,3147823.91474,-16.282782243,28.4509133042
416.0,10411,CALLE TENIENTE ALFONSO GONZALEZ CAMPOS,1.0,3200.0,E0438,374120.241357,3148149.00993,-16.2856412028,28.4538204493
417.0,43413,CALLE ANTONIO JOSE MELO Y NOVO,1.0,3200.0,E0439,374000.493196,3148337.88094,-16.2868846098,28.4555133383
418.0,44471,CALLE CONDE DE PALLASAR,1.0,3200.0,E0440,374055.415081,3148493.83476,-16.2863408248,28.4569260336
419.0,44471,CALLE CONDE DE PALLASAR,1.0,3200.0,E0441,374090.035467,3148422.50105,-16.2859795095,28.4562856313
420.0,43227,AVDA PRINCIPES DE ESPAÑA,1.0,3200.0,E0442,374633.424669,3148347.77677,-16.2804226256,28.4556636266
421.0,57877,CALLE DECANO CONSULAR JESUS RAMOS GONZALEZ,1.0,3200.0,E0443,372488.927292,3144537.54573,-16.3018996176,28.4210707906
422.0,10532,CALLE CARLOS J.R. HAMILTON,1.0,3200.0,E0444,378071.236824,3150780.71426,-16.2455751546,28.477945648
423.0,11119,CALLE UNION ARTISTICA EL CABO,1.0,3200.0,E0445,376897.824241,3148388.6294,-16.2573043158,28.4562479684
424.0,11119,CALLE UNION ARTISTICA EL CABO,1.0,3200.0,E0446,376950.791484,3148373.37704,-16.2567618135,28.4561153211
425.0,10501,AVDA MANUEL HERMOSO ROJAS,1.0,3200.0,E0447,377013.993719,3148284.36028,-16.2561069286,28.4553179485
426.0,11074,CALLE CELIA CRUZ,1.0,3200.0,E0448,377106.04857,3148304.39762,-16.2551690557,28.4555074518
427.0,32713,CTRA DEL ROSARIO,1.0,3200.0,E0449,374872.09692,3148144.16898,-16.2779633624,28.4538490967
428.0,44753,CALLE JOSE DE ZARATE Y PENICHET,1.0,3200.0,E0450,378142.780005,3151223.8133,-16.2448913366,28.4819510979
429.0,57622,CALLE GALDAR,1.0,3200.0,E0451,378204.438202,3151112.54354,-16.2442497879,28.4809527061
430.0,40933,CTRA TAHODIO,1.0,3200.0,E0452,378012.91,3151449.87907,-16.2462417843,28.4839790798
431.0,10578,CALLE ALCALDE JOSE EMILIO GARCIA GOMEZ,1.0,3200.0,E0456,376866.724741,3148460.00676,-16.2576295122,28.4568891788
432.0,10170,CALLE LA BERLINA,2.0,3200.0,E0457,371365.636855,3147299.35183,-16.3136738777,28.4458841481
433.0,11044,CALLE RAMON Y CAJAL,1.0,3200.0,E0458,376945.380276,3149474.86969,-16.2569346814,28.46605524
434.0,30946,CALLE DIEGO CROSA,1.0,3000.0,E0459,375985.340933,3149684.5171,-16.2667615575,28.4678562358
435.0,82071,PLAZA NUESTRA SEÑORA DE BEGOÑA,1.0,3000.0,E0460,382726.942025,3161042.65358,-16.1990706885,28.5709830474
436.0,95825,CSRIO CASAS DE LA CUMBRE,1.0,3000.0,E0461,379291.299151,3157317.70769,-16.2338001778,28.5370525009
437.0,10448,CTRA ROQUE NEGRO,1.0,3000.0,E0462,377509.912936,3156949.554,-16.251965443,28.5335634997
438.0,10448,CTRA ROQUE NEGRO,1.0,3000.0,E0463,378012.542868,3157964.94521,-16.2469369888,28.5427740919
439.0,10484,PLAYA PLAYA CHICA,1.0,3000.0,E0464,385158.330358,3154861.52733,-16.1735965025,28.5154177462
440.0,10448,CTRA ROQUE NEGRO,1.0,3000.0,E0465,377712.151987,3157527.74582,-16.2499603586,28.5388003896
441.0,40403,CTRA TAGANANA,1.0,3000.0,E0466,381012.630785,3159735.34289,-16.2164599281,28.5590292152
442.0,30946,CALLE DIEGO CROSA,1.0,3000.0,E0468,376047.124792,3149702.97641,-16.266132572,28.4680286967
443.0,54917,CALLE DOCTOR MANUEL PAREJO MORENO,1.0,3000.0,E0469,376628.066102,3150173.70817,-16.2602500685,28.4723319118
444.0,58327,CALLE ANTONIO DE LARA Y ZARATE,1.0,3000.0,E0470,377364.808315,3150007.17877,-16.2527079633,28.4708985877
445.0,20325,CALLE ALMIRANTE DIAZ PIMIENTA,1.0,3000.0,E0471,376536.780585,3148844.6933,-16.2610399547,28.460329592
446.0,31323,AVDA ANGEL ROMERO,1.0,3000.0,E0472,375184.907612,3149130.68504,-16.2748760228,28.4627818278
447.0,22475,CALLE RIO LLOBREGAT,1.0,3000.0,E0473,374800.9368,3150081.99014,-16.2789005216,28.4713299994
448.0,20596,AVDA BUENOS AIRES,1.0,3000.0,E0474,377495.115306,3148907.86413,-16.2512602657,28.4609900519
449.0,10479,PLAZA POETA LUIS FERIA,1.0,3000.0,E0475,377046.570416,3148979.21703,-16.2558483971,28.4615917648
450.0,20065,CALLE FOMENTO,1.0,3200.0,E0476,377293.403806,3148600.79644,-16.2532874432,28.4581999488
451.0,30304,AVDA ISLAS CANARIAS,1.0,3200.0,E0477,375775.357429,3149432.37666,-16.2688788401,28.4655608139
452.0,22204,CALLE GRANADILLA,1.0,3000.0,E0478,374712.881613,3149877.91681,-16.27977762,28.4694798967
453.0,21963,CALLE GUIA DE ISORA,1.0,3000.0,E0479,375342.1726,3150229.56633,-16.2733889269,28.4727136612
454.0,20631,AVDA JOSE MANUEL GUIMERA,1.0,3000.0,E0480,377569.507516,3148869.02838,-16.2504964494,28.4606465635
455.0,22034,CALLE LA OROTAVA,1.0,3000.0,E0481,375232.426578,3150226.54859,-16.2745094362,28.4726759278
456.0,22034,CALLE LA OROTAVA,1.0,3000.0,E0482,375239.485141,3150340.5444,-16.2744496953,28.4737053506
457.0,22123,CALLE LOS REALEJOS,1.0,3000.0,E0483,375015.61111,3150072.51544,-16.2767070563,28.4712650961
458.0,32856,CALLE LUIS SEGUNDO ROMAN Y ELGUETA,1.0,3000.0,E0484,374907.867858,3149769.26675,-16.2777744917,28.4685181169
459.0,59466,PLAZA CONCHA CASTRO,1.0,3000.0,E0485,374948.088428,3150341.26672,-16.2774258337,28.4736839451
460.0,21707,AVDA DE VENEZUELA,1.0,3200.0,E0486,375420.038861,3150084.05251,-16.2725779398,28.471407925
461.0,43405,CALLE AMERICA,1.0,3000.0,E0487,373782.23743,3148233.64552,-16.2891018706,28.4545515754
462.0,44567,CALLE AMERICO LOPEZ MENDEZ,1.0,3000.0,E0488,374558.93096,3148547.03044,-16.2812049884,28.4574546155
463.0,43227,AVDA PRINCIPES DE ESPAÑA,1.0,3000.0,E0489,374065.766951,3147774.19906,-16.2861565106,28.4504327419
464.0,31346,CALLE CAMINO DEL HIERRO,1.0,3000.0,E0491,374568.464826,3148496.02161,-16.2811020828,28.4569952068
465.0,42352,CALLE ELISA GONZALEZ DE CHAVEZ,1.0,3000.0,E0492,375739.353028,3148582.62432,-16.269154905,28.4578888235
466.0,45497,CALLE ERESE,1.0,3000.0,E0493,375179.311333,3148086.58783,-16.2748201069,28.4533588899
467.0,30285,CALLE ESMERALDA CERVANTES,1.0,3000.0,E0494,376359.002023,3149589.15224,-16.2629352825,28.4670311073
468.0,43982,CALLE ESTANISLAO BROTONS POVEDA,1.0,3000.0,E0495,374495.35629,3148621.64867,-16.281862306,28.4581218864
469.0,43982,CALLE ESTANISLAO BROTONS POVEDA,1.0,3000.0,E0496,374496.694105,3148587.53439,-16.2818449304,28.4578141533
470.0,42785,CALLE FELIPE RAVINA Y CASTRO,1.0,3000.0,E0497,375322.716832,3148076.6462,-16.2733546982,28.4532828855
471.0,42456,CALLE GARCIA LORCA,1.0,3000.0,E0498,375578.290887,3148465.18714,-16.2707869295,28.4568136614
472.0,43904,CALLE HERNAN CORTES,1.0,3000.0,E0499,374258.323092,3148093.88442,-16.2842252185,28.4533362904
473.0,31393,CALLE HERRAIZ MALO,1.0,3000.0,E0500,374933.924444,3149277.40003,-16.2774549953,28.4640818004
474.0,44447,CALLE RODRIGO DE TRIANA,1.0,3000.0,E0501,374644.08045,3147915.96664,-16.2802668651,28.4517678078
475.0,45605,CALLE AMADIS,1.0,3000.0,E0502,373972.226,3148696.196,-16.2872124297,28.4587441884
476.0,43386,CALLE SARGENTO PROVISIONAL,1.0,3000.0,E0503,373943.459185,3147976.72484,-16.2874275126,28.452248607
477.0,43235,CALLE TOMAS DE ARMAS QUINTERO,1.0,3000.0,E0504,374033.661388,3147645.4263,-16.2864702675,28.4492675432
478.0,50637,CALLE EL PESCADOR,1.0,3000.0,E0505,372593.119791,3146079.16229,-16.3010061665,28.4349931161
479.0,59474,CTRA GENERAL DE GENETO,1.0,3000.0,E0507,370929.402404,3147430.6739,-16.318142637,28.4470261648
480.0,52733,CTRA DEL TABLERO,1.0,3000.0,E0508,369369.928555,3144887.37829,-16.3337774577,28.4239196034
481.0,56402,CALLE CHINAMADA,1.0,3000.0,E0509,372052.177399,3145114.39668,-16.3064218437,28.4262338088
482.0,10522,CTRA EL BAILADERO,1.0,3000.0,E0510,382182.089257,3158740.90402,-16.2044040747,28.5501614501
483.0,83082,CTRA SANTA CRUZ LAGUNA,2.0,3000.0,E0511,374407.846329,3149038.84633,-16.2828013815,28.4618784291
484.0,45772,CALLE LOS SAUCES,1.0,3000.0,E0512,375258.896,3148791.976,-16.2740837887,28.4597322455
485.0,51014,CALLE HALCON,1.0,3000.0,E0513,371410.208968,3146867.94258,-16.3131706918,28.4419953611
486.0,50711,CTRA DEL SOBRADILLO,1.0,3200.0,E0514,371860.664335,3146448.67875,-16.3085250204,28.4382560793
487.0,10581,CALLE ADONAI,1.0,3200.0,E0515,371582.793491,3143888.65312,-16.3110772004,28.4151261771
488.0,10499,CALLE MAYANTIGO,1.0,3200.0,E0516,372322.376242,3144146.67296,-16.3035565475,28.4175271308
489.0,21135,CALLE AGUERE,2.0,3000.0,E0517,377222.866882,3149348.74601,-16.2540874281,28.4649431946
490.0,20975,CALLE HELIODORO RODRIGUEZ LOPEZ,1.0,3200.0,E0519,376405.612866,3148844.41833,-16.2623793913,28.4603146865
491.0,20027,CALLE ALVARO RODRIGUEZ LOPEZ,1.0,3200.0,E0520,376713.751658,3148543.91849,-16.2592005778,28.4576319906
492.0,20492,CALLE GONGORA,1.0,3200.0,E0521,376715.328659,3149093.78754,-16.2592432929,28.4625944336
493.0,22301,CALLE SAN JUAN DE LA RAMBLA,1.0,3200.0,E0522,375069.578192,3149948.29004,-16.2761424256,28.4701492061
494.0,21971,CALLE ICOD,1.0,3200.0,E0523,375208.142652,3149909.47153,-16.2747230963,28.4698121627
495.0,83082,CTRA SANTA CRUZ LAGUNA,1.0,3000.0,E0524,374728.113267,3149221.67102,-16.2795507118,28.4635591219
496.0,10134,CALLE JOSE MARIA PEREDA,1.0,3000.0,E0525,373736.882717,3148147.92608,-16.2895556084,28.4537736195
497.0,21707,AVDA DE VENEZUELA,1.0,3200.0,E0526,375455.204029,3149985.32463,-16.2722081275,28.4705203213
498.0,32713,CTRA DEL ROSARIO,1.0,3200.0,E0527,374496.498327,3147892.13549,-16.2817712261,28.4515385563
499.0,43386,CALLE SARGENTO PROVISIONAL,1.0,3200.0,E0528,374081.324202,3148026.35017,-16.2860251949,28.4527097606
500.0,50711,CTRA DEL SOBRADILLO,1.0,3200.0,E0529,371129.434247,3146788.85773,-16.3160285344,28.4412539804
501.0,10519,CALLE ABORA,1.0,3200.0,E0530,372180.351925,3143890.21398,-16.3049778933,28.4151988559
502.0,50065,CALLE EL CEDRO,1.0,3200.0,E0531,372062.581479,3147182.29403,-16.306544894,28.4448962919
503.0,10348,CALLE EL PICHE,1.0,3200.0,E0532,370403.581568,3145898.82674,-16.3233393756,28.4331502015
504.0,10337,CALLE EL PERENQUEN,1.0,3200.0,E0533,370747.786202,3146311.62906,-16.3198716223,28.4369095812
505.0,10433,CALLE PUNTA DE TENO,1.0,3200.0,E0534,371883.714371,3145591.79754,-16.3081945639,28.4305255359
506.0,10316,CALLE PUNTA DEL DRAGO,1.0,3200.0,E0535,371676.781349,3145725.16151,-16.3103219293,28.4317087406
507.0,10693,CALLE TIMABA,1.0,3200.0,E0536,372377.499328,3144378.43862,-16.3030194835,28.419624063
508.0,10474,CALLE FRANCISCO GUERRERO CAZORLA,1.0,3000.0,E0538,377222.271009,3150497.72618,-16.2542159758,28.4753121164
509.0,50711,CTRA DEL SOBRADILLO,1.0,3000.0,E0539,370673.105425,3146714.9973,-16.3206792788,28.4405423054
510.0,50711,CTRA DEL SOBRADILLO,1.0,3000.0,E0540,369584.227319,3147006.25581,-16.3318293151,28.4430623567
511.0,54612,CALLE COLUMBRETE,1.0,3000.0,E0541,371893.463884,3145097.45233,-16.3080401748,28.4260653381
512.0,56584,CALLE DOCTOR RAFAEL FOLCH YOU,1.0,3200.0,E0542,383042.821636,3154124.83163,-16.1951366432,28.50858089
513.0,10570,AVDA PRINCIPAL AÑAZA,1.0,3200.0,E0543,372405.41058,3144725.31461,-16.302772897,28.4227571367
514.0,10570,AVDA PRINCIPAL AÑAZA,1.0,3200.0,E0544,372453.500223,3144565.48237,-16.3022643401,28.4213194435
515.0,10316,CALLE PUNTA DEL DRAGO,1.0,3200.0,E0545,371918.357099,3145735.46102,-16.3078568446,28.4318254064
516.0,32237,CALLE ELADIO ROCA Y SALAZAR,1.0,3000.0,E0546,375070.018676,3149503.26208,-16.276089668,28.466133124
517.0,32187,CALLE BUENAVENTURA BONNET,1.0,3200.0,E0547,375445.970133,3149399.99789,-16.2722391501,28.4652371899
518.0,10563,AVDA JOSE MARTI,1.0,3200.0,E0548,378321.400451,3151058.35079,-16.2430494182,28.4804745692
519.0,10025,AVDA FRANCISCO LA ROCHE,1.0,3200.0,E0549,378205.169401,3150787.39659,-16.2442079251,28.4780184768
520.0,10025,AVDA FRANCISCO LA ROCHE,1.0,3200.0,E0550,378128.562573,3150724.3752,-16.2449836886,28.4774425768
521.0,10331,CALLE SAN ISIDRO,1.0,3200.0,E0551,377773.7506,3150491.64161,-16.2485828802,28.4753090401
522.0,31106,AVDA DE MADRID,1.0,3200.0,E0552,376228.665531,3149246.98195,-16.2642295872,28.463930833
523.0,57726,CALLE LOS HUARACHEROS,1.0,3200.0,E0553,375500.510905,3149052.84718,-16.2716446569,28.4621095534
524.0,31307,CALLE SANTIAGO SABINA,1.0,3200.0,E0554,375611.613675,3149332.32132,-16.2705402438,28.4646422582
525.0,32713,CTRA DEL ROSARIO,1.0,3200.0,E0555,374874.225781,3148047.36442,-16.2779311181,28.4529756935
526.0,32841,CALLE JUAN GARCIA ALVAREZ,1.0,3200.0,E0556,374983.331361,3149690.04303,-16.2769952173,28.4678104066
527.0,41453,CSRIO LOS LAURELES,1.0,3000.0,E0557,378024.960835,3156989.87372,-16.2467064717,28.5339757828
528.0,40322,CALLE CERCADO DE SAN ANDRES,1.0,3000.0,E0558,382968.190467,3154016.75121,-16.1958881298,28.5075987932
529.0,31772,CALLE SANTA MARIA SOLEDAD,3.0,120.0,E0559,373925.58362,3148476.944,-16.2876647424,28.4567610619
530.0,44842,CALLE PEDRO SUAREZ HERNANDEZ,1.0,3000.0,E0561,374807.926434,3148850.91454,-16.2786953752,28.4602209209
531.0,42793,CALLE GANDHI,1.0,3000.0,E0562,374985.507657,3148048.87997,-16.2767949732,28.4530000393
532.0,44053,CALLE JUAN BAUTISTA ACEVEDO,1.0,3000.0,E0563,375064.004271,3148301.2397,-16.2760207845,28.4552849671
533.0,44006,CALLE FRANCISCO GARCIA TALAVERA,1.0,3000.0,E0564,374931.33567,3148137.56201,-16.2773577485,28.4537951532
534.0,40175,CALLE MARIA JIMENEZ,1.0,3200.0,E0565,379973.984854,3152972.71967,-16.2263697351,28.4979042056
535.0,22405,CALLE ADEJE,1.0,3000.0,E0566,374881.177786,3150270.78295,-16.2781015404,28.473041449
536.0,58745,CALLE JUAN DORTA AVILA,1.0,3200.0,E0567,371594.453129,3146976.11161,-16.3113016186,28.4429896546
537.0,58745,CALLE JUAN DORTA AVILA,1.0,3000.0,E0568,371457.760733,3146785.0352,-16.3126759555,28.4412518612
538.0,10321,CALLE JESUS HERNANDEZ GUZMAN,1.0,3000.0,E0569,374674.304051,3147011.27545,-16.2798599398,28.4436063755
539.0,20027,CALLE ALVARO RODRIGUEZ LOPEZ,1.0,3200.0,E0570,377016.973234,3148619.9338,-16.2561123057,28.4583466181
540.0,57877,CALLE DECANO CONSULAR JESUS RAMOS GONZALEZ,1.0,3200.0,E0571,372865.191072,3144807.78103,-16.2980884922,28.42354618
541.0,10559,RBLA AÑAZA,1.0,3200.0,E0572,372829.575647,3145096.29105,-16.2984838377,28.4261463454
542.0,32133,CALLE JOSE LUIS DE MIRANDA,1.0,3000.0,E0573,374654.923371,3149721.31558,-16.2803524893,28.4680610908
543.0,20074,CALLE FUENTE DE SANTA CRUZ,1.0,3200.0,E0574,377147.630591,3148480.59009,-16.2547632215,28.4571014216
544.0,45605,CALLE AMADIS,1.0,3000.0,E0575,374135.086736,3148851.48782,-16.285566318,28.4601613323
545.0,01101,CALLE URBANIZACION ALDEAS INFANTILES,3.0,120.0,E0576,368633.551881,3145389.82749,-16.341351598,28.4283799776
546.0,45002,CALLE MARIANO ESTANGA ARIAS,1.0,3000.0,E0577,374652.833344,3149149.45814,-16.2803116226,28.4629002081
547.0,10444,CALLE ROSALIA DE CASTRO,1.0,3200.0,E0578,373656.395,3148016.303,-16.2903630541,28.4525780072
548.0,40821,CTRA LOS CAMPITOS,1.0,120.0,E0579,376413.711614,3150719.26677,-16.262497818,28.4772349838
549.0,82531,CTRA AUTOVIA SAN ANDRES,1.0,3000.0,E0580,379522.049416,3152064.19784,-16.2308913919,28.4896634647
550.0,40933,CTRA TAHODIO,1.0,3000.0,E0581,377883.5352,3151691.3313,-16.2475888589,28.4861459478
551.0,10548,CMNO PISTA EL DRAGUILLO,1.0,3000.0,E0582,383837.482852,3161350.15695,-16.1877490334,28.5738579883
552.0,57587,CTRA ALMACIGA,1.0,3000.0,E0583,382240.725876,3160963.84424,-16.2040330584,28.570227815
553.0,32582,CALLE GOYA,1.0,3000.0,E0584,376410.115404,3149474.63899,-16.2624010035,28.4660025309
554.0,43854,CALLE ELIAS BACALLADO,1.0,3000.0,E0585,374250.476409,3148817.2974,-16.284384257,28.4598639149
555.0,10041,CALLE LA MARINA,2.0,3000.0,E0586,377840.733375,3149712.35729,-16.2478161139,28.468282649
556.0,10041,CALLE LA MARINA,1.0,3000.0,E0587,377841.036424,3149620.04641,-16.2478032308,28.4674496151
557.0,11025,CALLE UNO MORISCOS,1.0,3200.0,E0588,374050.409396,3145819.41241,-16.2860999051,28.4327904222
558.0,59002,CALLE EL SIROCO,1.0,3200.0,E0590,371630.398651,3145508.71097,-16.3107713742,28.4297508543
559.0,10388,AVDA NUESTRA SEÑORA DEL CARMEN,1.0,3200.0,E0591,378749.246142,3152096.82313,-16.238788846,28.4898861847
560.0,10375,CALLE 605,1.0,3200.0,E0592,375082.029325,3149156.879,-16.2759294594,28.4630083625
561.0,10381,CALLE DOCTOR JAIME CHAVEZ,1.0,3000.0,E0593,377910.550589,3150975.89407,-16.247237037,28.4796920078
562.0,10392,CALLE VICTORIANO DARIAS MONTESINOS,1.0,3000.0,E0594,377863.454661,3151125.64854,-16.2477339506,28.4810390558
563.0,31911,CALLE FRANCISCO PIZARRO,1.0,3000.0,E0595,374933.053562,3149411.79138,-16.2774784757,28.4652945223
564.0,32736,CALLE PIO BAROJA,1.0,3000.0,E0596,375784.127951,3149016.65517,-16.2687444594,28.4618099862
565.0,10189,CALLE LA PICONERA,1.0,3000.0,E0597,373548.59405,3147330.93307,-16.2913886541,28.4463825089
566.0,10559,RBLA AÑAZA,1.0,3200.0,E0598,372537.104643,3144732.84542,-16.3014293834,28.4228379555
567.0,83082,CTRA SANTA CRUZ LAGUNA,1.0,3000.0,E0601,374514.388707,3148792.09668,-16.2816865121,28.4596619127
568.0,10768,AVDA CERCADO CORAZON,1.0,3200.0,E0602,370835.454337,3145735.40152,-16.3189120928,28.431718195
569.0,10552,AVDA LAS HESPERIDES,1.0,3200.0,E0603,371057.595241,3146140.16227,-16.3166895036,28.4353928463
570.0,10228,CALLE MARIA FLORES,1.0,3200.0,E0604,370955.123,3146162.608,-16.3177381772,28.4355852789
571.0,10552,AVDA LAS HESPERIDES,1.0,3200.0,E0605,371027.09243,3146120.29167,-16.3169986933,28.4352105144
572.0,56112,CALLE ABICORE,1.0,3000.0,E0606,372626.971217,3146947.12418,-16.3007563876,28.4428292395
573.0,46407,CALLE RIO ORINOCO,1.0,3200.0,E0607,380918.742961,3152668.18689,-16.2166869087,28.4952426627
574.0,10552,AVDA LAS HESPERIDES,1.0,3200.0,E0608,371898.699859,3146984.55661,-16.3081961969,28.4430957638
575.0,40781,CALLE LA ASOMADITA,1.0,3200.0,E0609,370901.183789,3146971.49945,-16.3183793656,28.4428796403
576.0,10244,AVDA LOS MAJUELOS,1.0,3200.0,E0610,370667.862891,3145692.45927,-16.3206182013,28.4313140811
577.0,32721,CALLE ALCALDE MANDILLO TEJERA,1.0,3200.0,E0611,375553.892911,3148893.57328,-16.2710823214,28.4606772881
578.0,50316,CALLE PRUDENCIO TADEO,1.0,3000.0,E0612,372546.790876,3146719.59559,-16.3015498927,28.4407681082
579.0,10295,CALLE AREJO,1.0,3000.0,E0613,370976.767935,3146294.77036,-16.3175319756,28.4367800945
580.0,50556,CALLE ENCINA,1.0,3000.0,E0614,371954.244383,3146809.6761,-16.3076096749,28.441523031
581.0,57564,CALLE PROLONGACION RAMON Y CAJAL,1.0,3000.0,E0615,377309.933717,3149394.84049,-16.2532031806,28.4653673703
582.0,30416,CALLE DEL PERDON,1.0,3000.0,E0617,376347.053196,3150010.12573,-16.2631024958,28.4708290394
583.0,20975,CALLE HELIODORO RODRIGUEZ LOPEZ,1.0,3200.0,E0618,376456.089807,3149067.54883,-16.2618878478,28.4623331082
584.0,20975,CALLE HELIODORO RODRIGUEZ LOPEZ,1.0,3200.0,E0619,376484.664864,3149200.50222,-16.2616102884,28.4635356515
585.0,40175,CALLE MARIA JIMENEZ,2.0,3200.0,E0620,380001.592306,3152365.70237,-16.2260243934,28.4924286809
586.0,10530,CALLE MOREIBA,2.0,3200.0,E0621,372107.658572,3144042.51966,-16.3057367625,28.4165662092
587.0,46407,CALLE RIO ORINOCO,1.0,3200.0,E0622,381055.358549,3152698.40946,-16.2152944513,28.4955278948
588.0,30641,CALLE DOCTOR GONZALEZ COVIELLA,1.0,3000.0,E0623,376766.441397,3150668.46236,-16.258889779,28.476809902
589.0,44022,CALLE ANTONIO LOPEZ LOPEZ,1.0,3000.0,E0624,374977.869594,3148199.7179,-16.2768893231,28.4543605363
590.0,45122,CALLE MANUEL ORAA Y AROCHA,1.0,3200.0,E0625,375439.747852,3149346.57395,-16.2722969186,28.4647544739
591.0,82086,CALLE LEOPOLDO DE LA ROSA OLIVERA,1.0,3000.0,E0626,375438.16952,3149649.82144,-16.2723458209,28.4674909641
592.0,20116,AVDA TRES DE MAYO,1.0,3200.0,E0628,377154.222708,3148760.02131,-16.254725687,28.4596237749
593.0,10768,AVDA CERCADO CORAZON,1.0,3200.0,E0627,370371.638823,3145682.24662,-16.3236411546,28.4311925447
594.0,10768,AVDA CERCADO CORAZON,1.0,3200.0,E0629,370510.016184,3145751.56759,-16.3222362628,28.4318318491
595.0,20774,CALLE LUIS BRAILLE,1.0,3200.0,E0630,372920.382137,3144749.53331,-16.2975186813,28.4230258993
596.0,10566,CALLE EL PEREJIL,1.0,3000.0,E0631,370823.286504,3144730.64309,-16.3189238886,28.4226497173
597.0,10041,CALLE LA MARINA,1.0,3200.0,E0632,377871.607196,3150230.93244,-16.2475557902,28.4729654374
598.0,56603,CALLE CHIRAMA,1.0,3000.0,E0638,371987.668836,3145116.958,-16.3070806572,28.4262506018
599.0,10020,CALLE PUNTA DE LA VISTA,1.0,3200.0,E0637,372190.870197,3145434.49537,-16.3050414492,28.4291360819
600.0,31137,CALLE AZORIN,1.0,3200.0,E0636,375960.243379,3148570.75616,-16.2668979839,28.4578027453
601.0,32601,CALLE LUIS DE LA CRUZ,1.0,3200.0,E0635,376284.350188,3149450.93218,-16.2636828224,28.465776662
602.0,30304,AVDA ISLAS CANARIAS,1.0,3000.0,E0634,376113.591771,3149629.09809,-16.2654458281,28.4673683017
603.0,57274,CTRA GENERAL DEL SUR,1.0,3200.0,E0639,372568.456003,3146987.95059,-16.3013583391,28.4431919602
604.0,10578,CALLE ALCALDE JOSE EMILIO GARCIA GOMEZ,1.0,3000.0,E0640,376591.005632,3148020.93703,-16.2603980265,28.4529007345
605.0,40821,CTRA LOS CAMPITOS,1.0,3000.0,E0641,375863.362385,3149983.40762,-16.2680394784,28.4705419524
606.0,11052,PLAZA WEYLER,1.0,3000.0,E0644,377111.302305,3149656.76123,-16.2552596149,28.4677123702
607.0,10965,CALLE VALENTIN SANZ,1.0,3000.0,E0643,377517.494462,3149602.19939,-16.2511055348,28.4672581993
608.0,10756,CALLE GENERAL GUTIERREZ,1.0,3000.0,E0642,377830.052793,3149485.891,-16.2479011766,28.4662378962
609.0,10756,CALLE GENERAL GUTIERREZ,1.0,3000.0,E0645,377796.634607,3149417.74411,-16.2482352313,28.4656197707
610.0,11097,CL PEDRO MODESTO CAMPOS,1.0,3200.0,E0646,376963.26322,3148433.95918,-16.2566409248,28.456663222
611.0,10613,AVDA BRAVO MURILLO,1.0,3200.0,E0647,377858.203831,3149431.26383,-16.2476078937,28.4657475489
612.0,11002,CALLE 129,1.0,3000.0,E0648,369897.497362,3147739.12373,-16.3287135221,28.4497072224
613.0,95825,CSRIO CASAS DE LA CUMBRE,1.0,3000.0,E0649,379204.946918,3157276.04495,-16.234678258,28.5366684954
614.0,10244,AVDA LOS MAJUELOS,1.0,3200.0,E0650,371801.785518,3147263.40029,-16.3092166848,28.4456026292
615.0,52307,CALLE ALTAMIRA,1.0,3000.0,E0655,370736.773023,3145650.42519,-16.3199100017,28.4309415756
616.0,31772,CALLE SANTA MARIA SOLEDAD,1.0,3000.0,E0654,373851.239308,3148481.08956,-16.2884243563,28.4567912852
617.0,57227,CALLE PABLO PICASSO,1.0,3000.0,E0653,376212.106739,3148852.05102,-16.2643562666,28.4603652147
618.0,43765,CALLE HERMANO PEDRO,1.0,3000.0,E0652,373987.943689,3147778.85849,-16.2869516582,28.4504672764
619.0,43912,CALLE MIGUEL BOSQ,1.0,3000.0,E0651,374302.004737,3148356.70965,-16.2838078371,28.4557123459
620.0,44401,CALLE DIEGO DE ALMAGRO,1.0,3000.0,E0656,374764.761916,3147973.59221,-16.2790408499,28.4522994367
621.0,44447,CALLE RODRIGO DE TRIANA,1.0,3000.0,E0659,374760.952486,3148066.58851,-16.2790898496,28.4531383107
622.0,44416,CALLE JUAN DE GARAY,1.0,3000.0,E0657,374629.127057,3147946.5969,-16.2804228841,28.4520427918
623.0,56472,CALLE SUBIDA AL MAYORAZGO,1.0,3000.0,E0658,374035.495176,3147064.37351,-16.2863880816,28.4440240538
624.0,32303,CALLE LORENZO GARCIA DEL CASTILLO,1.0,3000.0,E0600,375223.68055,3149525.47059,-16.2745228222,28.4663482576
625.0,21827,CALLE MENCEY BENCOMO,1.0,3000.0,E0663,375527.574319,3150193.61305,-16.2714915323,28.4724069205
626.0,10585,CALLE VOLCAN DE LAS ARENAS,1.0,3200.0,E0662,371595.830648,3147169.82839,-16.3113091182,28.4447379559
627.0,31041,CALLE ZURBARAN,1.0,3000.0,E0661,376035.609771,3149518.9898,-16.2662303736,28.4663672208
628.0,32477,CALLE DESIRE DUGOUR,1.0,3000.0,E0660,375731.582949,3149415.95933,-16.269324109,28.4654084851
629.0,43065,CTRA DE HOYA FRIA,1.0,3000.0,E0664,374243.161897,3146482.5735,-16.2842043414,28.4387936633
630.0,31203,CALLE RAMIRO DE MAEZTU,1.0,3200.0,E0667,376053.024664,3148534.39742,-16.2659466291,28.4574834468
631.0,43227,AVDA PRINCIPES DE ESPAÑA,1.0,3200.0,E0666,374719.598292,3148301.61794,-16.2795376613,28.4552553484
632.0,10573,AVDA PICO TEIDE,1.0,3200.0,E0665,371819.811465,3147407.39022,-16.3090486379,28.4469038144
633.0,10613,AVDA BRAVO MURILLO,1.0,3200.0,E0668,377653.821152,3149065.22173,-16.2496562724,28.4624250293
634.0,10321,CALLE JESUS HERNANDEZ GUZMAN,1.0,3000.0,E0669,374331.261016,3146424.06795,-16.2832985033,28.4382741677
635.0,41824,PLAZA AFUR,1.0,3000.0,E0672,377917.451274,3159367.82643,-16.2480580888,28.5554253554
636.0,10683,CALLE LA CONCORDIA,1.0,3000.0,E0671,377459.173947,3149326.75919,-16.2516718422,28.4647670036
637.0,20967,CALLE GILBERTO CAYOL LOPOEZ,1.0,3200.0,E0670,376339.039822,3149048.35157,-16.2630811078,28.4621487684
638.0,10245,CALLE MERCEDES MACHADO,1.0,3000.0,E0673,376887.017471,3150860.80926,-16.2576788454,28.4785571293
639.0,54167,CALLE SIMBAD,1.0,3000.0,E0674,374214.268244,3148524.67682,-16.2847220712,28.4572196941
640.0,32686,CALLE GANIVET,1.0,3200.0,E0675,375916.367098,3148964.47849,-16.2673884184,28.4613517086
641.0,10294,"CALLE LA RABASA, TRANSVERSAL",1.0,3000.0,E0676,375364.859856,3147854.23079,-16.2729003275,28.4512797327
642.0,42947,CALLE JOSE MIGUEL GALVAN BELLO,1.0,3000.0,E0677,375076.483043,3147337.86132,-16.2757889876,28.4465921971
643.0,83082,CTRA SANTA CRUZ LAGUNA,1.0,3000.0,E0678,374580.919618,3148897.83,-16.2810186232,28.4606224948
644.0,42352,CALLE ELISA GONZALEZ DE CHAVEZ,1.0,3000.0,E0687,375787.378552,3148547.10947,-16.2686606606,28.4575728953
645.0,20712,AVDA SAN SEBASTIAN,1.0,3000.0,E0686,376750.946345,3149188.14852,-16.2588896543,28.4634493611
646.0,40202,CALLE SAN JUAN EVANGELISTA,3.0,120.0,E0685,379962.532836,3152378.33329,-16.2264247068,28.4925390702
647.0,56584,CALLE DOCTOR RAFAEL FOLCH YOU,6.0,120.0,E0684,383044.440168,3154040.15807,-16.1951114934,28.5078168858
648.0,52435,CALLE CASTAÑO,3.0,120.0,E0683,369528.743725,3144604.21567,-16.3321242671,28.4213801355
649.0,57877,CALLE DECANO CONSULAR JESUS RAMOS GONZALEZ,2.0,120.0,E0682,372811.488394,3144611.3873,-16.2986150671,28.4217686139
650.0,82287,CALLE LAS TOSCAS,1.0,120.0,E0681,382858.203394,3161126.45932,-16.1977374005,28.5717512086
651.0,10534,CTRA CHAMORGA,2.0,120.0,E0680,386592.487735,3160836.73418,-16.1595333991,28.5694681387
652.0,42247,PLAZA DE ROQUE NEGRO,2.0,120.0,E0679,378038.327919,3158024.82549,-16.2466798327,28.5433168974
653.0,95261,PLAYA LAS TERESITAS,1.0,3000.0,E0689,383752.090585,3154086.74352,-16.1878863514,28.5083006996
654.0,95261,PLAYA LAS TERESITAS,1.0,3000.0,E0688,383987.570224,3154255.28344,-16.1854975195,28.50984273
655.0,95261,PLAYA LAS TERESITAS,1.0,3000.0,E0690,384400.321053,3154368.26075,-16.1812918365,28.5108990432
656.0,44842,CALLE PEDRO SUAREZ HERNANDEZ,1.0,3000.0,E0691,374835.596166,3148954.18703,-16.2784240336,28.4611555524
657.0,31002,CALLE JUAN DE MIRANDA,1.0,3000.0,E0692,376110.77427,3149502.36713,-16.2654609745,28.4662243542
658.0,20116,AVDA TRES DE MAYO,3.0,120.0,E0693,376560.038319,3148635.57604,-16.2607800535,28.4584446155
659.0,51923,CALLE CONVENTO,1.0,3000.0,E0694,369257.878789,3146760.08639,-16.3351334043,28.4408082095
660.0,51923,CALLE CONVENTO,1.0,120.0,E0695,369266.87464,3146724.89674,-16.3350375719,28.4404915502
661.0,32713,CTRA DEL ROSARIO,1.0,120.0,E0696,374868.801517,3148257.83701,-16.2780093497,28.4548745712
662.0,10522,CTRA EL BAILADERO,1.0,3000.0,E0697,382269.401932,3158743.54986,-16.2035119465,28.5501932421
663.0,43823,"CALLE JUAN ALBORNOZ ""SOMBRITA""",1.0,3000.0,E0698,373697.399121,3147617.29716,-16.289900656,28.4489811871
664.0,20581,AVDA LA SALLE,1.0,120.0,E0701,376993.899809,3149171.78005,-16.2564068236,28.4633245843
665.0,57587,CTRA ALMACIGA,1.0,3000.0,E0700,383385.416914,3161133.7219,-16.1923485114,28.5718642183
666.0,57587,CTRA ALMACIGA,1.0,3000.0,E0699,382295.108149,3161034.96852,-16.203484431,28.570874611
667.0,10289,CALLE NISAMAR,1.0,3000.0,E0702,373226.242662,3144993.05716,-16.2944231512,28.4252532837
668.0,47353,CTRA LAS GAVIOTAS,2.0,3000.0,E0703,385043.058054,3154690.82132,-16.174757222,28.5138669943
669.0,56472,CALLE SUBIDA AL MAYORAZGO,1.0,3000.0,E0704,374468.160656,3147240.74231,-16.2819896732,28.4456573736
670.0,11141,CALLE ROBAYNA,1.0,3000.0,E0705,376854.399961,3149975.30214,-16.2579173038,28.4705628004
671.0,10606,CALLE VOLCAN CHAORRA,1.0,3200.0,E0706,371642.947077,3147383.46816,-16.3108518271,28.4466705484
672.0,10095,CALLE MENDEZ NUÑEZ,1.0,3200.0,E0707,377215.05128,3149899.13633,-16.2542259015,28.4699094611
673.0,10965,CALLE VALENTIN SANZ,1.0,3000.0,E0708,377504.662144,3149498.87939,-16.2512256006,28.4663245803
674.0,10217,CALLE EL TRAILER,1.0,3200.0,E0709,370564.70586,3146118.34947,-16.3217190778,28.4351472265
675.0,30126,CALLE JUAN PABLO II,1.0,3200.0,E0710,376797.059091,3149720.55144,-16.2584756726,28.4682583869
676.0,52412,CALLE CAPITANA,1.0,3000.0,E0711,371250.306451,3145266.83244,-16.3146246505,28.4275306383
677.0,32485,CALLE DOCTOR SALVADOR PEREZ LUZ,1.0,3000.0,E0712,375738.202393,3149579.13316,-16.2692741074,28.4668816713
678.0,32493,CALLE FERMIN MORIN,1.0,3000.0,E0713,375812.198752,3149513.16028,-16.2685113114,28.4662933521
679.0,20116,AVDA TRES DE MAYO,3.0,120.0,E0693,376553.668884,3148633.17412,-16.2608448389,28.4584223366
680.0,59474,CTRA GENERAL DE GENETO,1.0,3200.0,E0292,371015.69,3146857.686,-16.3171975365,28.4418638732
681.0,40403,CTRA TAGANANA,1.0,3000.0,E0714,381264.705,3159532.492,-16.2138623359,28.5572216506
682.0,10499,CALLE MAYANTIGO,1.0,3200.0,E0715,372715.39,3144286.984,-16.2995602862,28.4188317045
683.0,42286,CMNO DE TABORNO,1.0,3000.0,E0716,376301.432312,3159528.64389,-16.2645928192,28.556723751
684.0,11154,CALLE COMADRONA DOLORES DABAN,1.0,3000.0,E0717,372606.383,3147111.499,-16.3009847472,28.4443106102
685.0,10369,CALLE EL CAMBULLON,1.0,3200.0,E0718,370546.893,3145998.154,-16.32188745,28.4340607789
686.0,21425,CALLE RAMON GIL ROLDAN,1.0,3000.0,E0387,375937.283763,3149775.01285,-16.2672620896,28.4686683391
687.0,31025,CALLE PINTOR RIBERA,1.0,3000.0,E0719,376099.046,3149521.225,-16.2655827763,28.466393422
688.0,56472,CALLE SUBIDA AL MAYORAZGO,1.0,3000.0,E0720,373999.776354,3147180.73028,-16.2867654882,28.4450706586
689.0,44834,CALLE JUAN RAMON JIMENEZ,1.0,3000.0,E0721,375939.994686,3148723.76074,-16.2671212236,28.4591816056
690.0,22347,CALLE GARACHICO,1.0,3000.0,E0722,374929.9,3150153.858,-16.2775912432,28.471990945
691.0,10121,AVDA LA CONSTITUCION,3.0,120.0,E0048,376965.415444,3147950.21848,-16.2565673219,28.4522978985
692.0,10244,AVDA LOS MAJUELOS,1.0,3200.0,E0723,371460.624384,3146961.37696,-16.3126663669,28.4428435104
693.0,50943,CALLE DONIS,1.0,3000.0,E0724,370896.489,3146603.377,-16.3183861032,28.4395571227
